productphotoid,thumbnailphoto,thumbnailphotofilename,largephoto,largephotofilename,modifieddate
1,<memory at 0x000001A696BA65C0>,no_image_available_small.gif,<memory at 0x000001A696BA6D40>,no_image_available_large.gif,2008-04-30 00:00:00
69,<memory at 0x000001A696BA6800>,racer02_black_f_small.gif,<memory at 0x000001A696BA6080>,racer02_black_f_large.gif,2008-04-30 00:00:00
70,<memory at 0x000001A696BA6680>,racer02_black_small.gif,<memory at 0x000001A696BA5B40>,racer02_black_large.gif,2012-10-19 09:56:38.273000
72,<memory at 0x000001A696BA6F80>,racer02_blue_f_small.gif,<memory at 0x000001A696BA6BC0>,racer02_blue_f_large.gif,2012-10-19 09:56:38.273000
73,<memory at 0x000001A696BA7940>,racer02_blue_small.gif,<memory at 0x000001A696BA5FC0>,racer02_blue_large.gif,2012-10-19 09:56:38.273000
76,<memory at 0x000001A696BA6980>,racer02_green_f_small.gif,<memory at 0x000001A696BA6B00>,racer02_green_f_large.gif,2012-10-19 09:56:38.273000
77,<memory at 0x000001A696BA7340>,racer02_green_small.gif,<memory at 0x000001A696BA7580>,racer02_green_large.gif,2012-10-19 09:56:38.273000
78,<memory at 0x000001A696BA7700>,hotrodbike_black_small.gif,<memory at 0x000001A696BA7880>,hotrodbike_black_large.gif,2012-04-30 00:00:00
79,<memory at 0x000001A696BA7B80>,hotrodbike_blue_small.gif,<memory at 0x000001A696BA7D00>,hotrodbike_blue_large.gif,2012-10-19 09:56:38.273000
80,<memory at 0x000001A696BA7E80>,hotrodbike_f_small.gif,<memory at 0x000001A696D10040>,hotrodbike_f_large.gif,2013-04-30 00:00:00
81,<memory at 0x000001A696D101C0>,hotrodbike_f_silver_small.gif,<memory at 0x000001A696D10340>,hotrodbike_f_silver_large.gif,2013-04-30 00:00:00
82,<memory at 0x000001A696D104C0>,hotrodbike_small.gif,<memory at 0x000001A696D10640>,hotrodbike_large.gif,2013-04-30 00:00:00
83,<memory at 0x000001A696D107C0>,hotrodbike_red_small.gif,<memory at 0x000001A696D10940>,hotrodbike_red_large.gif,2012-10-19 09:56:38.273000
84,<memory at 0x000001A696D10AC0>,hotrodbike_silver_small.gif,<memory at 0x000001A696D10C40>,hotrodbike_silver_large.gif,2012-04-30 00:00:00
85,<memory at 0x000001A696D10DC0>,hotrodbike_yellow_small.gif,<memory at 0x000001A696D10F40>,hotrodbike_yellow_large.gif,2012-10-19 09:56:38.273000
86,<memory at 0x000001A696D110C0>,julianax_r_02_black_small.gif,<memory at 0x000001A696D11240>,julianax_r_02_black_large.gif,2012-10-19 09:56:38.273000
87,<memory at 0x000001A696D113C0>,julianax_r_02_blue_small.gif,<memory at 0x000001A696D11540>,julianax_r_02_blue_large.gif,2012-10-19 09:56:38.273000
88,<memory at 0x000001A696D116C0>,julianax_r_02_f_black_small.gif,<memory at 0x000001A696D11840>,julianax_r_02_f_black_large.gif,2012-10-19 09:56:38.273000
89,<memory at 0x000001A696D119C0>,julianax_r_02_f_blue_small.gif,<memory at 0x000001A696D11B40>,julianax_r_02_f_blue_large.gif,2012-10-19 09:56:38.273000
90,<memory at 0x000001A696D11CC0>,julianax_r_02_f_gold_small.gif,<memory at 0x000001A696D11E40>,julianax_r_02_f_gold_large.gif,2012-10-19 09:56:38.273000
91,<memory at 0x000001A696D11FC0>,julianax_r_02_f_green_small.gif,<memory at 0x000001A696D12140>,julianax_r_02_f_green_large.gif,2012-10-19 09:56:38.273000
93,<memory at 0x000001A696D122C0>,julianax_r_02_f_red_small.gif,<memory at 0x000001A696D12440>,julianax_r_02_f_red_large.gif,2012-10-19 09:56:38.273000
94,<memory at 0x000001A696D125C0>,julianax_r_02_gold_small.gif,<memory at 0x000001A696D12740>,julianax_r_02_gold_large.gif,2012-10-19 09:56:38.273000
95,<memory at 0x000001A696D128C0>,julianax_r_02_green_small.gif,<memory at 0x000001A696D12A40>,julianax_r_02_green_large.gif,2012-10-19 09:56:38.273000
97,<memory at 0x000001A696D12BC0>,julianax_r_02_red_small.gif,<memory at 0x000001A696D12D40>,julianax_r_02_red_large.gif,2012-10-19 09:56:38.273000
98,<memory at 0x000001A696D12EC0>,julianax_r_02_silver_small.gif,<memory at 0x000001A696D13040>,julianax_r_02_silver_large.gif,2012-10-19 09:56:38.273000
99,<memory at 0x000001A696D131C0>,julianax_r_02_yellow_small.gif,<memory at 0x000001A696D13340>,julianax_r_02_yellow_large.gif,2012-10-19 09:56:38.273000
100,<memory at 0x000001A696D134C0>,racer02_red_small.gif,<memory at 0x000001A696D13640>,racer02_red_large.gif,2012-10-19 09:56:38.273000
102,<memory at 0x000001A696D137C0>,roadster_black_small.gif,<memory at 0x000001A696D13940>,roadster_black_large.gif,2012-10-19 09:56:38.273000
103,<memory at 0x000001A696D13AC0>,roadster_blue_small.gif,<memory at 0x000001A696D13C40>,roadster_blue_large.gif,2012-10-19 09:56:38.273000
105,<memory at 0x000001A696D13DC0>,roadster_green_f_small.gif,<memory at 0x000001A696D13F40>,roadster_green_f_large.gif,2012-10-19 09:56:38.273000
106,<memory at 0x000001A696D1C100>,roadster_green_small.gif,<memory at 0x000001A696D1C280>,roadster_green_large.gif,2012-10-19 09:56:38.273000
107,<memory at 0x000001A696D1C400>,roadster_small.gif,<memory at 0x000001A696D1C580>,roadster_large.gif,2012-10-19 09:56:38.273000
108,<memory at 0x000001A696D1C700>,roadster_purple_f_small.gif,<memory at 0x000001A696D1C880>,roadster_purple_f_large.gif,2012-10-19 09:56:38.273000
109,<memory at 0x000001A696D1CA00>,roadster_purple_small.gif,<memory at 0x000001A696D1CB80>,roadster_purple_large.gif,2012-10-19 09:56:38.273000
110,<memory at 0x000001A696D1CD00>,roadster_red_f_small.gif,<memory at 0x000001A696D1CE80>,roadster_red_f_large.gif,2012-10-19 09:56:38.273000
111,<memory at 0x000001A696D1D000>,roadster_red_small.gif,<memory at 0x000001A696D1D180>,roadster_red_large.gif,2011-05-01 00:00:00
112,<memory at 0x000001A696D1D300>,roadster_silver_small.gif,<memory at 0x000001A696D1D480>,roadster_silver_large.gif,2012-10-19 09:56:38.273000
113,<memory at 0x000001A696D1D600>,roadster_yellow_f_small.gif,<memory at 0x000001A696D1D780>,roadster_yellow_f_large.gif,2013-04-30 00:00:00
114,<memory at 0x000001A696D1D900>,roadster_yellow_small.gif,<memory at 0x000001A696D1DA80>,roadster_yellow_large.gif,2012-10-19 09:56:38.273000
115,<memory at 0x000001A696D1DC00>,racer02_silver_small.gif,<memory at 0x000001A696D1DD80>,racer02_silver_large.gif,2012-10-19 09:56:38.273000
117,<memory at 0x000001A696D1DF00>,superlight_black_f_small.gif,<memory at 0x000001A696D1E080>,superlight_black_f_large.gif,2012-10-19 09:56:38.273000
118,<memory at 0x000001A696D1E200>,superlight_black_small.gif,<memory at 0x000001A696D1E380>,superlight_black_large.gif,2011-05-01 00:00:00
119,<memory at 0x000001A696D1E500>,superlight_blue_f_small.gif,<memory at 0x000001A696D1E680>,superlight_blue_f_large.gif,2011-05-01 00:00:00
120,<memory at 0x000001A696D1E800>,superlight_blue_small.gif,<memory at 0x000001A696D1E980>,superlight_blue_large.gif,2012-10-19 09:56:38.273000
123,<memory at 0x000001A696D1EB00>,superlight_metalicgreen_f_small.gif,<memory at 0x000001A696D1EC80>,superlight_metalicgreen_f_large.gif,2012-10-19 09:56:38.273000
124,<memory at 0x000001A696D1EE00>,superlight_metalicgreen_small.gif,<memory at 0x000001A696D1EF80>,superlight_metalicgreen_large.gif,2012-10-19 09:56:38.273000
125,<memory at 0x000001A696D1F100>,superlight_red_f_small.gif,<memory at 0x000001A696D1F280>,superlight_red_f_large.gif,2012-10-19 09:56:38.273000
126,<memory at 0x000001A696D1F400>,superlight_red_small.gif,<memory at 0x000001A696D1F580>,superlight_red_large.gif,2011-05-01 00:00:00
127,<memory at 0x000001A696D1F700>,superlight_silver_f_small.gif,<memory at 0x000001A696D1F880>,superlight_silver_f_large.gif,2011-05-01 00:00:00
128,<memory at 0x000001A696D1FA00>,superlight_silver_small.gif,<memory at 0x000001A696D1FB80>,superlight_silver_large.gif,2011-05-01 00:00:00
129,<memory at 0x000001A696D1FD00>,superlight_yellow_f_small.gif,<memory at 0x000001A696D1FE80>,superlight_yellow_f_large.gif,2011-05-01 00:00:00
130,<memory at 0x000001A696CF4040>,superlight_yellow_small.gif,<memory at 0x000001A696CF41C0>,superlight_yellow_large.gif,2012-10-19 09:56:38.273000
131,<memory at 0x000001A696CF4340>,racer02_yellow_f_small.gif,<memory at 0x000001A696CF44C0>,racer02_yellow_f_large.gif,2012-04-30 00:00:00
133,<memory at 0x000001A696CF4640>,chain_small.gif,<memory at 0x000001A696CF47C0>,chain_large.gif,2012-04-30 00:00:00
134,<memory at 0x000001A696CF4940>,chain_lube_small.gif,<memory at 0x000001A696CF4AC0>,chain_lube_large.gif,2012-04-30 00:00:00
135,<memory at 0x000001A696CF4C40>,clipless_pedals_small.gif,<memory at 0x000001A696CF4DC0>,clipless_pedals_large.gif,2013-04-30 00:00:00
136,<memory at 0x000001A696CF4F40>,co2_4tire_small.gif,<memory at 0x000001A696CF50C0>,co2_4tire_large.gif,2013-04-30 00:00:00
137,<memory at 0x000001A696CF5240>,double_headlight_small.gif,<memory at 0x000001A696CF53C0>,double_headlight_large.gif,2012-04-30 00:00:00
138,<memory at 0x000001A696CF5540>,fork_small.gif,<memory at 0x000001A696CF56C0>,fork_large.gif,2012-04-30 00:00:00
139,<memory at 0x000001A696CF5840>,frame_black_small.gif,<memory at 0x000001A696CF59C0>,frame_black_large.gif,2011-05-01 00:00:00
140,<memory at 0x000001A696CF5B40>,frame_blue_small.gif,<memory at 0x000001A696CF5CC0>,frame_blue_large.gif,2012-10-19 09:56:38.273000
141,<memory at 0x000001A696CF5E40>,frame_small.gif,<memory at 0x000001A696CF5FC0>,frame_large.gif,2012-10-19 09:56:38.273000
142,<memory at 0x000001A696CF6140>,frame_red_small.gif,<memory at 0x000001A696CF62C0>,frame_red_large.gif,2012-10-19 09:56:38.273000
143,<memory at 0x000001A696CF6440>,frame_silver_small.gif,<memory at 0x000001A696CF65C0>,frame_silver_large.gif,2011-05-01 00:00:00
144,<memory at 0x000001A696CF6740>,frame_yellow_small.gif,<memory at 0x000001A696CF68C0>,frame_yellow_large.gif,2012-10-19 09:56:38.273000
145,<memory at 0x000001A696CF6A40>,handlebar_small.gif,<memory at 0x000001A696CF6BC0>,handlebar_large.gif,2012-04-30 00:00:00
146,<memory at 0x000001A696CF6D40>,mb_tires_small.gif,<memory at 0x000001A696CF6EC0>,mb_tires_large.gif,2013-04-30 00:00:00
147,<memory at 0x000001A696CF7040>,pedal_small.gif,<memory at 0x000001A696CF71C0>,pedal_large.gif,2013-04-30 00:00:00
149,<memory at 0x000001A696CF7340>,saddle_small.gif,<memory at 0x000001A696CF74C0>,saddle_large.gif,2013-04-30 00:00:00
150,<memory at 0x000001A696CF7640>,silver_chain_small.gif,<memory at 0x000001A696CF77C0>,silver_chain_large.gif,2013-04-30 00:00:00
151,<memory at 0x000001A696CF7940>,silver_pedal_small.gif,<memory at 0x000001A696CF7AC0>,silver_pedal_large.gif,2013-04-30 00:00:00
152,<memory at 0x000001A696CF7C40>,silver_sprocket_small.gif,<memory at 0x000001A696CF7DC0>,silver_sprocket_large.gif,2013-04-30 00:00:00
153,<memory at 0x000001A696CF7F40>,single_headlight_small.gif,<memory at 0x000001A696D14100>,single_headlight_large.gif,2012-04-30 00:00:00
154,<memory at 0x000001A696D14280>,sprocket_small.gif,<memory at 0x000001A696D14400>,sprocket_large.gif,2013-04-30 00:00:00
155,<memory at 0x000001A696D14580>,street_tires_small.gif,<memory at 0x000001A696D14700>,street_tires_large.gif,2013-04-30 00:00:00
156,<memory at 0x000001A696D14880>,tail_lights_small.gif,<memory at 0x000001A696D14A00>,tail_lights_large.gif,2012-04-30 00:00:00
157,<memory at 0x000001A696D14B80>,tirepatch_kit_small.gif,<memory at 0x000001A696D14D00>,tirepatch_kit_large.gif,2013-04-30 00:00:00
158,<memory at 0x000001A696D14E80>,water_bottle_cage_small.gif,<memory at 0x000001A696D15000>,water_bottle_cage_large.gif,2013-04-30 00:00:00
159,<memory at 0x000001A696D15180>,water_bottle_small.gif,<memory at 0x000001A696D15300>,water_bottle_large.gif,2013-04-30 00:00:00
160,<memory at 0x000001A696D15480>,wheel_small.gif,<memory at 0x000001A696D15600>,wheel_large.gif,2008-03-31 00:00:00
161,<memory at 0x000001A696D15780>,awc_jersey_female_small.gif,<memory at 0x000001A696D15900>,awc_jersey_female_large.gif,2008-03-31 00:00:00
162,<memory at 0x000001A696D15A80>,awc_jersey_male_small.gif,<memory at 0x000001A696D15C00>,awc_jersey_male_large.gif,2011-05-01 00:00:00
163,<memory at 0x000001A696D15D80>,awc_tee_female_small.gif,<memory at 0x000001A696D15F00>,awc_tee_female_large.gif,2011-05-01 00:00:00
164,<memory at 0x000001A696D16080>,awc_tee_male_small.gif,<memory at 0x000001A696D16200>,awc_tee_male_large.gif,2011-05-01 00:00:00
165,<memory at 0x000001A696D16380>,awc_tee_male_yellow_small.gif,<memory at 0x000001A696D16500>,awc_tee_male_yellow_large.gif,2013-04-30 00:00:00
166,<memory at 0x000001A696D16680>,bikepump_small.gif,<memory at 0x000001A696D16800>,bikepump_large.gif,2012-04-30 00:00:00
167,<memory at 0x000001A696D16980>,bike_lock_small.gif,<memory at 0x000001A696D16B00>,bike_lock_large.gif,2012-04-30 00:00:00
168,<memory at 0x000001A696D16C80>,bike_shoes_small.gif,<memory at 0x000001A696D16E00>,bike_shoes_large.gif,2012-04-30 00:00:00
169,<memory at 0x000001A696D16F80>,bike_shorts_female_small.gif,<memory at 0x000001A696D17100>,bike_shorts_female_large.gif,2012-04-30 00:00:00
170,<memory at 0x000001A696D17280>,bike_shorts_male_small.gif,<memory at 0x000001A696D17400>,bike_shorts_male_large.gif,2012-04-30 00:00:00
172,<memory at 0x000001A696D17580>,handpump_small.gif,<memory at 0x000001A696D17700>,handpump_large.gif,2012-04-30 00:00:00
173,<memory at 0x000001A696D17880>,innertube_small.gif,<memory at 0x000001A696D17A00>,innertube_large.gif,2013-04-30 00:00:00
174,<memory at 0x000001A696D17B80>,mb_shoes_small.gif,<memory at 0x000001A696D17D00>,mb_shoes_large.gif,2013-04-30 00:00:00
175,<memory at 0x000001A696D17E80>,shorts_female_small.gif,<memory at 0x000001A696CE4040>,shorts_female_large.gif,2013-04-30 00:00:00
176,<memory at 0x000001A696CE41C0>,shorts_male_small.gif,<memory at 0x000001A696CE4340>,shorts_male_large.gif,2012-04-30 00:00:00
177,<memory at 0x000001A696CE44C0>,racer_black_small.gif,<memory at 0x000001A696CE4640>,racer_black_large.gif,2012-04-30 00:00:00
178,<memory at 0x000001A696CE47C0>,racer_blue_small.gif,<memory at 0x000001A696CE4940>,racer_blue_large.gif,2012-10-19 09:56:38.273000
179,<memory at 0x000001A696CE4AC0>,racer_red_small.gif,<memory at 0x000001A696CE4C40>,racer_red_large.gif,2012-04-30 00:00:00
180,<memory at 0x000001A696CE4DC0>,racer_silver_small.gif,<memory at 0x000001A696CE4F40>,racer_silver_large.gif,2012-10-19 09:56:38.273000
181,<memory at 0x000001A696CE50C0>,racer_yellow_small.gif,<memory at 0x000001A696CE5240>,racer_yellow_large.gif,2012-10-19 09:56:38.273000
