16438,16435,1,{FUNCEXPR :funcid 480 :funcresulttype 23 :funcretset false :funcvariadic false :funcformat 2 :funccollid 0 :inputcollid 0 :args ({FUNCEXPR :funcid 1574 :funcresulttype 20 :funcretset false :funcvariadic false :funcformat 0 :funccollid 0 :inputcollid 0 :args ({CONST :consttype 2205 :consttypmod -1 :constcollid 0 :constlen 4 :constbyval true :constisnull false :location -1 :constvalue 4 [ 50 64 0 0 0 0 0 0 ]}) :location -1}) :location -1}
16439,16435,2,{FUNCEXPR :funcid 16395 :funcresulttype 2950 :funcretset false :funcvariadic false :funcformat 0 :funccollid 0 :inputcollid 0 :args <> :location 179}
16440,16435,3,{FUNCEXPR :funcid 2027 :funcresulttype 1114 :funcretset false :funcvariadic false :funcformat 2 :funccollid 0 :inputcollid 0 :args ({FUNCEXPR :funcid 1299 :funcresulttype 1184 :funcretset false :funcvariadic false :funcformat 0 :funccollid 0 :inputcollid 0 :args <> :location 303}) :location -1}
16444,16441,3,{COERCETODOMAIN :arg {CONST :consttype 16 :consttypmod -1 :constcollid 0 :constlen 1 :constbyval true :constisnull false :location 482 :constvalue 1 [ 0 0 0 0 0 0 0 0 ]} :resulttype 16428 :resulttypmod -1 :resultcollid 0 :coercionformat 2 :location -1}
16445,16441,9,{CONST :consttype 23 :consttypmod -1 :constcollid 0 :constlen 4 :constbyval true :constisnull false :location 714 :constvalue 4 [ 0 0 0 0 0 0 0 0 ]}
16446,16441,12,{FUNCEXPR :funcid 16395 :funcresulttype 2950 :funcretset false :funcvariadic false :funcformat 0 :funccollid 0 :inputcollid 0 :args <> :location 940}
16447,16441,13,{FUNCEXPR :funcid 2027 :funcresulttype 1114 :funcretset false :funcvariadic false :funcformat 2 :funccollid 0 :inputcollid 0 :args ({FUNCEXPR :funcid 1299 :funcresulttype 1184 :funcretset false :funcvariadic false :funcformat 0 :funccollid 0 :inputcollid 0 :args <> :location 1056}) :location -1}
16456,16453,1,{FUNCEXPR :funcid 480 :funcresulttype 23 :funcretset false :funcvariadic false :funcformat 2 :funccollid 0 :inputcollid 0 :args ({FUNCEXPR :funcid 1574 :funcresulttype 20 :funcretset false :funcvariadic false :funcformat 0 :funccollid 0 :inputcollid 0 :args ({CONST :consttype 2205 :consttypmod -1 :constcollid 0 :constlen 4 :constbyval true :constisnull false :location -1 :constvalue 4 [ 68 64 0 0 0 0 0 0 ]}) :location -1}) :location -1}
16457,16453,4,{COERCETODOMAIN :arg {CONST :consttype 16 :consttypmod -1 :constcollid 0 :constlen 1 :constbyval true :constisnull false :location 1524 :constvalue 1 [ 1 0 0 0 0 0 0 0 ]} :resulttype 16426 :resulttypmod -1 :resultcollid 0 :coercionformat 2 :location -1}
16458,16453,7,{FUNCEXPR :funcid 16395 :funcresulttype 2950 :funcretset false :funcvariadic false :funcformat 0 :funccollid 0 :inputcollid 0 :args <> :location 1660}
16459,16453,8,{FUNCEXPR :funcid 2027 :funcresulttype 1114 :funcretset false :funcvariadic false :funcformat 2 :funccollid 0 :inputcollid 0 :args ({FUNCEXPR :funcid 1299 :funcresulttype 1184 :funcretset false :funcvariadic false :funcformat 0 :funccollid 0 :inputcollid 0 :args <> :location 1783}) :location -1}
16466,16463,1,{FUNCEXPR :funcid 480 :funcresulttype 23 :funcretset false :funcvariadic false :funcformat 2 :funccollid 0 :inputcollid 0 :args ({FUNCEXPR :funcid 1574 :funcresulttype 20 :funcretset false :funcvariadic false :funcformat 0 :funccollid 0 :inputcollid 0 :args ({CONST :consttype 2205 :consttypmod -1 :constcollid 0 :constlen 4 :constbyval true :constisnull false :location -1 :constvalue 4 [ 78 64 0 0 0 0 0 0 ]}) :location -1}) :location -1}
16467,16463,8,{FUNCEXPR :funcid 16395 :funcresulttype 2950 :funcretset false :funcvariadic false :funcformat 0 :funccollid 0 :inputcollid 0 :args <> :location 2139}
16468,16463,9,{FUNCEXPR :funcid 2027 :funcresulttype 1114 :funcretset false :funcvariadic false :funcformat 2 :funccollid 0 :inputcollid 0 :args ({FUNCEXPR :funcid 1299 :funcresulttype 1184 :funcretset false :funcvariadic false :funcformat 0 :funccollid 0 :inputcollid 0 :args <> :location 2256}) :location -1}
16475,16472,1,{FUNCEXPR :funcid 480 :funcresulttype 23 :funcretset false :funcvariadic false :funcformat 2 :funccollid 0 :inputcollid 0 :args ({FUNCEXPR :funcid 1574 :funcresulttype 20 :funcretset false :funcvariadic false :funcformat 0 :funccollid 0 :inputcollid 0 :args ({CONST :consttype 2205 :consttypmod -1 :constcollid 0 :constlen 4 :constbyval true :constisnull false :location -1 :constvalue 4 [ 87 64 0 0 0 0 0 0 ]}) :location -1}) :location -1}
16476,16472,3,{FUNCEXPR :funcid 16395 :funcresulttype 2950 :funcretset false :funcvariadic false :funcformat 0 :funccollid 0 :inputcollid 0 :args <> :location 2418}
16477,16472,4,{FUNCEXPR :funcid 2027 :funcresulttype 1114 :funcretset false :funcvariadic false :funcformat 2 :funccollid 0 :inputcollid 0 :args ({FUNCEXPR :funcid 1299 :funcresulttype 1184 :funcretset false :funcvariadic false :funcformat 0 :funccollid 0 :inputcollid 0 :args <> :location 2539}) :location -1}
16483,16480,4,{FUNCEXPR :funcid 16395 :funcresulttype 2950 :funcretset false :funcvariadic false :funcformat 0 :funccollid 0 :inputcollid 0 :args <> :location 2764}
16484,16480,5,{FUNCEXPR :funcid 2027 :funcresulttype 1114 :funcretset false :funcvariadic false :funcformat 2 :funccollid 0 :inputcollid 0 :args ({FUNCEXPR :funcid 1299 :funcresulttype 1184 :funcretset false :funcvariadic false :funcformat 0 :funccollid 0 :inputcollid 0 :args <> :location 2895}) :location -1}
16489,16486,1,{FUNCEXPR :funcid 480 :funcresulttype 23 :funcretset false :funcvariadic false :funcformat 2 :funccollid 0 :inputcollid 0 :args ({FUNCEXPR :funcid 1574 :funcresulttype 20 :funcretset false :funcvariadic false :funcformat 0 :funccollid 0 :inputcollid 0 :args ({CONST :consttype 2205 :consttypmod -1 :constcollid 0 :constlen 4 :constbyval true :constisnull false :location -1 :constvalue 4 [ 101 64 0 0 0 0 0 0 ]}) :location -1}) :location -1}
16490,16486,3,{FUNCEXPR :funcid 2027 :funcresulttype 1114 :funcretset false :funcvariadic false :funcformat 2 :funccollid 0 :inputcollid 0 :args ({FUNCEXPR :funcid 1299 :funcresulttype 1184 :funcretset false :funcvariadic false :funcformat 0 :funccollid 0 :inputcollid 0 :args <> :location 3072}) :location -1}
16496,16493,4,{FUNCEXPR :funcid 16395 :funcresulttype 2950 :funcretset false :funcvariadic false :funcformat 0 :funccollid 0 :inputcollid 0 :args <> :location 3296}
16497,16493,5,{FUNCEXPR :funcid 2027 :funcresulttype 1114 :funcretset false :funcvariadic false :funcformat 2 :funccollid 0 :inputcollid 0 :args ({FUNCEXPR :funcid 1299 :funcresulttype 1184 :funcretset false :funcvariadic false :funcformat 0 :funccollid 0 :inputcollid 0 :args <> :location 3427}) :location -1}
16502,16499,2,{FUNCEXPR :funcid 480 :funcresulttype 23 :funcretset false :funcvariadic false :funcformat 2 :funccollid 0 :inputcollid 0 :args ({FUNCEXPR :funcid 1574 :funcresulttype 20 :funcretset false :funcvariadic false :funcformat 0 :funccollid 0 :inputcollid 0 :args ({CONST :consttype 2205 :consttypmod -1 :constcollid 0 :constlen 4 :constbyval true :constisnull false :location -1 :constvalue 4 [ 114 64 0 0 0 0 0 0 ]}) :location -1}) :location -1}
16503,16499,4,{FUNCEXPR :funcid 16395 :funcresulttype 2950 :funcretset false :funcvariadic false :funcformat 0 :funccollid 0 :inputcollid 0 :args <> :location 3636}
16504,16499,5,{FUNCEXPR :funcid 2027 :funcresulttype 1114 :funcretset false :funcvariadic false :funcformat 2 :funccollid 0 :inputcollid 0 :args ({FUNCEXPR :funcid 1299 :funcresulttype 1184 :funcretset false :funcvariadic false :funcformat 0 :funccollid 0 :inputcollid 0 :args <> :location 3758}) :location -1}
16508,16505,4,{FUNCEXPR :funcid 16395 :funcresulttype 2950 :funcretset false :funcvariadic false :funcformat 0 :funccollid 0 :inputcollid 0 :args <> :location 3976}
16509,16505,5,{FUNCEXPR :funcid 2027 :funcresulttype 1114 :funcretset false :funcvariadic false :funcformat 2 :funccollid 0 :inputcollid 0 :args ({FUNCEXPR :funcid 1299 :funcresulttype 1184 :funcretset false :funcvariadic false :funcformat 0 :funccollid 0 :inputcollid 0 :args <> :location 4094}) :location -1}
16514,16511,1,{FUNCEXPR :funcid 480 :funcresulttype 23 :funcretset false :funcvariadic false :funcformat 2 :funccollid 0 :inputcollid 0 :args ({FUNCEXPR :funcid 1574 :funcresulttype 20 :funcretset false :funcvariadic false :funcformat 0 :funccollid 0 :inputcollid 0 :args ({CONST :consttype 2205 :consttypmod -1 :constcollid 0 :constlen 4 :constbyval true :constisnull false :location -1 :constvalue 4 [ 126 64 0 0 0 0 0 0 ]}) :location -1}) :location -1}
16515,16511,3,{FUNCEXPR :funcid 2027 :funcresulttype 1114 :funcretset false :funcvariadic false :funcformat 2 :funccollid 0 :inputcollid 0 :args ({FUNCEXPR :funcid 1299 :funcresulttype 1184 :funcretset false :funcvariadic false :funcformat 0 :funccollid 0 :inputcollid 0 :args <> :location 4283}) :location -1}
16521,16518,4,{FUNCEXPR :funcid 2027 :funcresulttype 1114 :funcretset false :funcvariadic false :funcformat 2 :funccollid 0 :inputcollid 0 :args ({FUNCEXPR :funcid 1299 :funcresulttype 1184 :funcretset false :funcvariadic false :funcformat 0 :funccollid 0 :inputcollid 0 :args <> :location 4513}) :location -1}
16527,16524,3,{FUNCEXPR :funcid 2027 :funcresulttype 1114 :funcretset false :funcvariadic false :funcformat 2 :funccollid 0 :inputcollid 0 :args ({FUNCEXPR :funcid 1299 :funcresulttype 1184 :funcretset false :funcvariadic false :funcformat 0 :funccollid 0 :inputcollid 0 :args <> :location 4711}) :location -1}
16535,16532,1,{FUNCEXPR :funcid 480 :funcresulttype 23 :funcretset false :funcvariadic false :funcformat 2 :funccollid 0 :inputcollid 0 :args ({FUNCEXPR :funcid 1574 :funcresulttype 20 :funcretset false :funcvariadic false :funcformat 0 :funccollid 0 :inputcollid 0 :args ({CONST :consttype 2205 :consttypmod -1 :constcollid 0 :constlen 4 :constbyval true :constisnull false :location -1 :constvalue 4 [ -109 64 0 0 0 0 0 0 ]}) :location -1}) :location -1}
16536,16532,4,{FUNCEXPR :funcid 2027 :funcresulttype 1114 :funcretset false :funcvariadic false :funcformat 2 :funccollid 0 :inputcollid 0 :args ({FUNCEXPR :funcid 1299 :funcresulttype 1184 :funcretset false :funcvariadic false :funcformat 0 :funccollid 0 :inputcollid 0 :args <> :location 244}) :location -1}
16542,16539,11,{COERCETODOMAIN :arg {CONST :consttype 16 :consttypmod -1 :constcollid 0 :constlen 1 :constbyval true :constisnull false :location 767 :constvalue 1 [ 1 0 0 0 0 0 0 0 ]} :resulttype 16426 :resulttypmod -1 :resultcollid 0 :coercionformat 2 :location -1}
16543,16539,12,{FUNCEXPR :funcid 314 :funcresulttype 21 :funcretset false :funcvariadic false :funcformat 2 :funccollid 0 :inputcollid 0 :args ({CONST :consttype 23 :consttypmod -1 :constcollid 0 :constlen 4 :constbyval true :constisnull false :location 858 :constvalue 4 [ 0 0 0 0 0 0 0 0 ]}) :location -1}
16544,16539,13,{FUNCEXPR :funcid 314 :funcresulttype 21 :funcretset false :funcvariadic false :funcformat 2 :funccollid 0 :inputcollid 0 :args ({CONST :consttype 23 :consttypmod -1 :constcollid 0 :constlen 4 :constbyval true :constisnull false :location 948 :constvalue 4 [ 0 0 0 0 0 0 0 0 ]}) :location -1}
16545,16539,14,{COERCETODOMAIN :arg {CONST :consttype 16 :consttypmod -1 :constcollid 0 :constlen 1 :constbyval true :constisnull false :location 1030 :constvalue 1 [ 1 0 0 0 0 0 0 0 ]} :resulttype 16426 :resulttypmod -1 :resultcollid 0 :coercionformat 2 :location -1}
16546,16539,15,{FUNCEXPR :funcid 16395 :funcresulttype 2950 :funcretset false :funcvariadic false :funcformat 0 :funccollid 0 :inputcollid 0 :args <> :location 1105}
16547,16539,16,{FUNCEXPR :funcid 2027 :funcresulttype 1114 :funcretset false :funcvariadic false :funcformat 2 :funccollid 0 :inputcollid 0 :args ({FUNCEXPR :funcid 1299 :funcresulttype 1184 :funcretset false :funcvariadic false :funcformat 0 :funccollid 0 :inputcollid 0 :args <> :location 1223}) :location -1}
16559,16556,6,{FUNCEXPR :funcid 2027 :funcresulttype 1114 :funcretset false :funcvariadic false :funcformat 2 :funccollid 0 :inputcollid 0 :args ({FUNCEXPR :funcid 1299 :funcresulttype 1184 :funcretset false :funcvariadic false :funcformat 0 :funccollid 0 :inputcollid 0 :args <> :location 2129}) :location -1}
16564,16561,5,{FUNCEXPR :funcid 2027 :funcresulttype 1114 :funcretset false :funcvariadic false :funcformat 2 :funccollid 0 :inputcollid 0 :args ({FUNCEXPR :funcid 1299 :funcresulttype 1184 :funcretset false :funcvariadic false :funcformat 0 :funccollid 0 :inputcollid 0 :args <> :location 2533}) :location -1}
16573,16570,1,{FUNCEXPR :funcid 480 :funcresulttype 23 :funcretset false :funcvariadic false :funcformat 2 :funccollid 0 :inputcollid 0 :args ({FUNCEXPR :funcid 1574 :funcresulttype 20 :funcretset false :funcvariadic false :funcformat 0 :funccollid 0 :inputcollid 0 :args ({CONST :consttype 2205 :consttypmod -1 :constcollid 0 :constlen 4 :constbyval true :constisnull false :location -1 :constvalue 4 [ -71 64 0 0 0 0 0 0 ]}) :location -1}) :location -1}
16574,16570,4,{FUNCEXPR :funcid 2027 :funcresulttype 1114 :funcretset false :funcvariadic false :funcformat 2 :funccollid 0 :inputcollid 0 :args ({FUNCEXPR :funcid 1299 :funcresulttype 1184 :funcretset false :funcvariadic false :funcformat 0 :funccollid 0 :inputcollid 0 :args <> :location 2997}) :location -1}
16581,16578,1,{FUNCEXPR :funcid 480 :funcresulttype 23 :funcretset false :funcvariadic false :funcformat 2 :funccollid 0 :inputcollid 0 :args ({FUNCEXPR :funcid 1574 :funcresulttype 20 :funcretset false :funcvariadic false :funcformat 0 :funccollid 0 :inputcollid 0 :args ({CONST :consttype 2205 :consttypmod -1 :constcollid 0 :constlen 4 :constbyval true :constisnull false :location -1 :constvalue 4 [ -63 64 0 0 0 0 0 0 ]}) :location -1}) :location -1}
16582,16578,5,{FUNCEXPR :funcid 2027 :funcresulttype 1114 :funcretset false :funcvariadic false :funcformat 2 :funccollid 0 :inputcollid 0 :args ({FUNCEXPR :funcid 1299 :funcresulttype 1184 :funcretset false :funcvariadic false :funcformat 0 :funccollid 0 :inputcollid 0 :args <> :location 3232}) :location -1}
16590,16539,17,{CONST :consttype 1043 :consttypmod -1 :constcollid 100 :constlen -1 :constbyval false :constisnull false :location 73 :constvalue 5 [ 20 0 0 0 47 ]}
16597,16594,1,{FUNCEXPR :funcid 480 :funcresulttype 23 :funcretset false :funcvariadic false :funcformat 2 :funccollid 0 :inputcollid 0 :args ({FUNCEXPR :funcid 1574 :funcresulttype 20 :funcretset false :funcvariadic false :funcformat 0 :funccollid 0 :inputcollid 0 :args ({CONST :consttype 2205 :consttypmod -1 :constcollid 0 :constlen 4 :constbyval true :constisnull false :location -1 :constvalue 4 [ -47 64 0 0 0 0 0 0 ]}) :location -1}) :location -1}
16598,16594,4,{FUNCEXPR :funcid 2027 :funcresulttype 1114 :funcretset false :funcvariadic false :funcformat 2 :funccollid 0 :inputcollid 0 :args ({FUNCEXPR :funcid 1299 :funcresulttype 1184 :funcretset false :funcvariadic false :funcformat 0 :funccollid 0 :inputcollid 0 :args <> :location 249}) :location -1}
16599,16594,8,{FUNCEXPR :funcid 1703 :funcresulttype 1700 :funcretset false :funcvariadic false :funcformat 2 :funccollid 0 :inputcollid 0 :args ({CONST :consttype 1700 :consttypmod -1 :constcollid 0 :constlen -1 :constbyval false :constisnull false :location 453 :constvalue 8 [ 32 0 0 0 0 -127 1 0 ]} {CONST :consttype 23 :consttypmod -1 :constcollid 0 :constlen 4 :constbyval true :constisnull false :location -1 :constvalue 4 [ 6 0 8 0 0 0 0 0 ]}) :location -1}
16600,16594,9,{FUNCEXPR :funcid 2027 :funcresulttype 1114 :funcretset false :funcvariadic false :funcformat 2 :funccollid 0 :inputcollid 0 :args ({FUNCEXPR :funcid 1299 :funcresulttype 1184 :funcretset false :funcvariadic false :funcformat 0 :funccollid 0 :inputcollid 0 :args <> :location 550}) :location -1}
16608,16605,3,{FUNCEXPR :funcid 2027 :funcresulttype 1114 :funcretset false :funcvariadic false :funcformat 2 :funccollid 0 :inputcollid 0 :args ({FUNCEXPR :funcid 1299 :funcresulttype 1184 :funcretset false :funcvariadic false :funcformat 0 :funccollid 0 :inputcollid 0 :args <> :location 1204}) :location -1}
16614,16611,5,{COERCETODOMAIN :arg {CONST :consttype 16 :consttypmod -1 :constcollid 0 :constlen 1 :constbyval true :constisnull false :location 1492 :constvalue 1 [ 0 0 0 0 0 0 0 0 ]} :resulttype 16426 :resulttypmod -1 :resultcollid 0 :coercionformat 2 :location -1}
16615,16611,9,{CONST :consttype 23 :consttypmod -1 :constcollid 0 :constlen 4 :constbyval true :constisnull false :location 1679 :constvalue 4 [ 0 0 0 0 0 0 0 0 ]}
16616,16611,13,{FUNCEXPR :funcid 16395 :funcresulttype 2950 :funcretset false :funcvariadic false :funcformat 0 :funccollid 0 :inputcollid 0 :args <> :location 1869}
16617,16611,14,{FUNCEXPR :funcid 2027 :funcresulttype 1114 :funcretset false :funcvariadic false :funcformat 2 :funccollid 0 :inputcollid 0 :args ({FUNCEXPR :funcid 1299 :funcresulttype 1184 :funcretset false :funcvariadic false :funcformat 0 :funccollid 0 :inputcollid 0 :args <> :location 1987}) :location -1}
16627,16624,1,{FUNCEXPR :funcid 480 :funcresulttype 23 :funcretset false :funcvariadic false :funcformat 2 :funccollid 0 :inputcollid 0 :args ({FUNCEXPR :funcid 1574 :funcresulttype 20 :funcretset false :funcvariadic false :funcformat 0 :funccollid 0 :inputcollid 0 :args ({CONST :consttype 2205 :consttypmod -1 :constcollid 0 :constlen 4 :constbyval true :constisnull false :location -1 :constvalue 4 [ -17 64 0 0 0 0 0 0 ]}) :location -1}) :location -1}
16628,16624,3,{FUNCEXPR :funcid 16395 :funcresulttype 2950 :funcretset false :funcvariadic false :funcformat 0 :funccollid 0 :inputcollid 0 :args <> :location 2245}
16629,16624,4,{FUNCEXPR :funcid 2027 :funcresulttype 1114 :funcretset false :funcvariadic false :funcformat 2 :funccollid 0 :inputcollid 0 :args ({FUNCEXPR :funcid 1299 :funcresulttype 1184 :funcretset false :funcvariadic false :funcformat 0 :funccollid 0 :inputcollid 0 :args <> :location 2370}) :location -1}
16636,16633,1,{FUNCEXPR :funcid 480 :funcresulttype 23 :funcretset false :funcvariadic false :funcformat 2 :funccollid 0 :inputcollid 0 :args ({FUNCEXPR :funcid 1574 :funcresulttype 20 :funcretset false :funcvariadic false :funcformat 0 :funccollid 0 :inputcollid 0 :args ({CONST :consttype 2205 :consttypmod -1 :constcollid 0 :constlen 4 :constbyval true :constisnull false :location -1 :constvalue 4 [ -8 64 0 0 0 0 0 0 ]}) :location -1}) :location -1}
16637,16633,4,{FUNCEXPR :funcid 16395 :funcresulttype 2950 :funcretset false :funcvariadic false :funcformat 0 :funccollid 0 :inputcollid 0 :args <> :location 2605}
16638,16633,5,{FUNCEXPR :funcid 2027 :funcresulttype 1114 :funcretset false :funcvariadic false :funcformat 2 :funccollid 0 :inputcollid 0 :args ({FUNCEXPR :funcid 1299 :funcresulttype 1184 :funcretset false :funcvariadic false :funcformat 0 :funccollid 0 :inputcollid 0 :args <> :location 2733}) :location -1}
16645,16642,1,{FUNCEXPR :funcid 480 :funcresulttype 23 :funcretset false :funcvariadic false :funcformat 2 :funccollid 0 :inputcollid 0 :args ({FUNCEXPR :funcid 1574 :funcresulttype 20 :funcretset false :funcvariadic false :funcformat 0 :funccollid 0 :inputcollid 0 :args ({CONST :consttype 2205 :consttypmod -1 :constcollid 0 :constlen 4 :constbyval true :constisnull false :location -1 :constvalue 4 [ 1 65 0 0 0 0 0 0 ]}) :location -1}) :location -1}
16646,16642,5,{FUNCEXPR :funcid 16395 :funcresulttype 2950 :funcretset false :funcvariadic false :funcformat 0 :funccollid 0 :inputcollid 0 :args <> :location 3080}
16647,16642,6,{FUNCEXPR :funcid 2027 :funcresulttype 1114 :funcretset false :funcvariadic false :funcformat 2 :funccollid 0 :inputcollid 0 :args ({FUNCEXPR :funcid 1299 :funcresulttype 1184 :funcretset false :funcvariadic false :funcformat 0 :funccollid 0 :inputcollid 0 :args <> :location 3202}) :location -1}
16654,16651,1,{FUNCEXPR :funcid 480 :funcresulttype 23 :funcretset false :funcvariadic false :funcformat 2 :funccollid 0 :inputcollid 0 :args ({FUNCEXPR :funcid 1574 :funcresulttype 20 :funcretset false :funcvariadic false :funcformat 0 :funccollid 0 :inputcollid 0 :args ({CONST :consttype 2205 :consttypmod -1 :constcollid 0 :constlen 4 :constbyval true :constisnull false :location -1 :constvalue 4 [ 10 65 0 0 0 0 0 0 ]}) :location -1}) :location -1}
16655,16651,4,{COERCETODOMAIN :arg {CONST :consttype 16 :consttypmod -1 :constcollid 0 :constlen 1 :constbyval true :constisnull false :location 3412 :constvalue 1 [ 1 0 0 0 0 0 0 0 ]} :resulttype 16426 :resulttypmod -1 :resultcollid 0 :coercionformat 2 :location -1}
16656,16651,5,{COERCETODOMAIN :arg {CONST :consttype 16 :consttypmod -1 :constcollid 0 :constlen 1 :constbyval true :constisnull false :location 3508 :constvalue 1 [ 1 0 0 0 0 0 0 0 ]} :resulttype 16426 :resulttypmod -1 :resultcollid 0 :coercionformat 2 :location -1}
16657,16651,24,{FUNCEXPR :funcid 16395 :funcresulttype 2950 :funcretset false :funcvariadic false :funcformat 0 :funccollid 0 :inputcollid 0 :args <> :location 4191}
16658,16651,25,{FUNCEXPR :funcid 2027 :funcresulttype 1114 :funcretset false :funcvariadic false :funcformat 2 :funccollid 0 :inputcollid 0 :args ({FUNCEXPR :funcid 1299 :funcresulttype 1184 :funcretset false :funcvariadic false :funcformat 0 :funccollid 0 :inputcollid 0 :args <> :location 4308}) :location -1}
16674,16671,5,{FUNCEXPR :funcid 2027 :funcresulttype 1114 :funcretset false :funcvariadic false :funcformat 2 :funccollid 0 :inputcollid 0 :args ({FUNCEXPR :funcid 1299 :funcresulttype 1184 :funcretset false :funcvariadic false :funcformat 0 :funccollid 0 :inputcollid 0 :args <> :location 5400}) :location -1}
16683,16680,1,{FUNCEXPR :funcid 480 :funcresulttype 23 :funcretset false :funcvariadic false :funcformat 2 :funccollid 0 :inputcollid 0 :args ({FUNCEXPR :funcid 1574 :funcresulttype 20 :funcretset false :funcvariadic false :funcformat 0 :funccollid 0 :inputcollid 0 :args ({CONST :consttype 2205 :consttypmod -1 :constcollid 0 :constlen 4 :constbyval true :constisnull false :location -1 :constvalue 4 [ 39 65 0 0 0 0 0 0 ]}) :location -1}) :location -1}
16684,16680,3,{FUNCEXPR :funcid 16395 :funcresulttype 2950 :funcretset false :funcvariadic false :funcformat 0 :funccollid 0 :inputcollid 0 :args <> :location 5794}
16685,16680,4,{FUNCEXPR :funcid 2027 :funcresulttype 1114 :funcretset false :funcvariadic false :funcformat 2 :funccollid 0 :inputcollid 0 :args ({FUNCEXPR :funcid 1299 :funcresulttype 1184 :funcretset false :funcvariadic false :funcformat 0 :funccollid 0 :inputcollid 0 :args <> :location 5922}) :location -1}
16689,16686,3,{FUNCEXPR :funcid 2027 :funcresulttype 1114 :funcretset false :funcvariadic false :funcformat 2 :funccollid 0 :inputcollid 0 :args ({FUNCEXPR :funcid 1299 :funcresulttype 1184 :funcretset false :funcvariadic false :funcformat 0 :funccollid 0 :inputcollid 0 :args <> :location 6150}) :location -1}
16696,16693,1,{FUNCEXPR :funcid 480 :funcresulttype 23 :funcretset false :funcvariadic false :funcformat 2 :funccollid 0 :inputcollid 0 :args ({FUNCEXPR :funcid 1574 :funcresulttype 20 :funcretset false :funcvariadic false :funcformat 0 :funccollid 0 :inputcollid 0 :args ({CONST :consttype 2205 :consttypmod -1 :constcollid 0 :constlen 4 :constbyval true :constisnull false :location -1 :constvalue 4 [ 52 65 0 0 0 0 0 0 ]}) :location -1}) :location -1}
16697,16693,3,{CONST :consttype 1700 :consttypmod -1 :constcollid 0 :constlen -1 :constbyval false :constisnull false :location 6329 :constvalue 6 [ 24 0 0 0 0 -127 ]}
16698,16693,4,{FUNCEXPR :funcid 1703 :funcresulttype 1700 :funcretset false :funcvariadic false :funcformat 2 :funccollid 0 :inputcollid 0 :args ({CONST :consttype 1700 :consttypmod -1 :constcollid 0 :constlen -1 :constbyval false :constisnull false :location 6446 :constvalue 6 [ 24 0 0 0 0 -127 ]} {CONST :consttype 23 :consttypmod -1 :constcollid 0 :constlen 4 :constbyval true :constisnull false :location -1 :constvalue 4 [ 6 0 8 0 0 0 0 0 ]}) :location -1}
16699,16693,5,{FUNCEXPR :funcid 2027 :funcresulttype 1114 :funcretset false :funcvariadic false :funcformat 2 :funccollid 0 :inputcollid 0 :args ({FUNCEXPR :funcid 1299 :funcresulttype 1184 :funcretset false :funcvariadic false :funcformat 0 :funccollid 0 :inputcollid 0 :args <> :location 6536}) :location -1}
16707,16704,5,{FUNCEXPR :funcid 314 :funcresulttype 21 :funcretset false :funcvariadic false :funcformat 2 :funccollid 0 :inputcollid 0 :args ({CONST :consttype 23 :consttypmod -1 :constcollid 0 :constlen 4 :constbyval true :constisnull false :location 6930 :constvalue 4 [ 0 0 0 0 0 0 0 0 ]}) :location -1}
16708,16704,6,{FUNCEXPR :funcid 16395 :funcresulttype 2950 :funcretset false :funcvariadic false :funcformat 0 :funccollid 0 :inputcollid 0 :args <> :location 7010}
16709,16704,7,{FUNCEXPR :funcid 2027 :funcresulttype 1114 :funcretset false :funcvariadic false :funcformat 2 :funccollid 0 :inputcollid 0 :args ({FUNCEXPR :funcid 1299 :funcresulttype 1184 :funcretset false :funcvariadic false :funcformat 0 :funccollid 0 :inputcollid 0 :args <> :location 7136}) :location -1}
16714,16711,5,{FUNCEXPR :funcid 2027 :funcresulttype 1114 :funcretset false :funcvariadic false :funcformat 2 :funccollid 0 :inputcollid 0 :args ({FUNCEXPR :funcid 1299 :funcresulttype 1184 :funcretset false :funcvariadic false :funcformat 0 :funccollid 0 :inputcollid 0 :args <> :location 7584}) :location -1}
16723,16720,1,{FUNCEXPR :funcid 480 :funcresulttype 23 :funcretset false :funcvariadic false :funcformat 2 :funccollid 0 :inputcollid 0 :args ({FUNCEXPR :funcid 1574 :funcresulttype 20 :funcretset false :funcvariadic false :funcformat 0 :funccollid 0 :inputcollid 0 :args ({CONST :consttype 2205 :consttypmod -1 :constcollid 0 :constlen 4 :constbyval true :constisnull false :location -1 :constvalue 4 [ 79 65 0 0 0 0 0 0 ]}) :location -1}) :location -1}
16724,16720,3,{FUNCEXPR :funcid 2027 :funcresulttype 1114 :funcretset false :funcvariadic false :funcformat 2 :funccollid 0 :inputcollid 0 :args ({FUNCEXPR :funcid 1299 :funcresulttype 1184 :funcretset false :funcvariadic false :funcformat 0 :funccollid 0 :inputcollid 0 :args <> :location 7961}) :location -1}
16730,16727,3,{FUNCEXPR :funcid 2027 :funcresulttype 1114 :funcretset false :funcvariadic false :funcformat 2 :funccollid 0 :inputcollid 0 :args ({FUNCEXPR :funcid 1299 :funcresulttype 1184 :funcretset false :funcvariadic false :funcformat 0 :funccollid 0 :inputcollid 0 :args <> :location 8178}) :location -1}
16734,16731,4,{FUNCEXPR :funcid 2027 :funcresulttype 1114 :funcretset false :funcvariadic false :funcformat 2 :funccollid 0 :inputcollid 0 :args ({FUNCEXPR :funcid 1299 :funcresulttype 1184 :funcretset false :funcvariadic false :funcformat 0 :funccollid 0 :inputcollid 0 :args <> :location 8459}) :location -1}
16739,16736,1,{FUNCEXPR :funcid 480 :funcresulttype 23 :funcretset false :funcvariadic false :funcformat 2 :funccollid 0 :inputcollid 0 :args ({FUNCEXPR :funcid 1574 :funcresulttype 20 :funcretset false :funcvariadic false :funcformat 0 :funccollid 0 :inputcollid 0 :args ({CONST :consttype 2205 :consttypmod -1 :constcollid 0 :constlen 4 :constbyval true :constisnull false :location -1 :constvalue 4 [ 95 65 0 0 0 0 0 0 ]}) :location -1}) :location -1}
16740,16736,6,{FUNCEXPR :funcid 2027 :funcresulttype 1114 :funcretset false :funcvariadic false :funcformat 2 :funccollid 0 :inputcollid 0 :args ({FUNCEXPR :funcid 1299 :funcresulttype 1184 :funcretset false :funcvariadic false :funcformat 0 :funccollid 0 :inputcollid 0 :args <> :location 8797}) :location -1}
16746,16743,3,{COERCETODOMAIN :arg {CONST :consttype 16 :consttypmod -1 :constcollid 0 :constlen 1 :constbyval true :constisnull false :location 8988 :constvalue 1 [ 0 0 0 0 0 0 0 0 ]} :resulttype 16426 :resulttypmod -1 :resultcollid 0 :coercionformat 2 :location -1}
16747,16743,4,{FUNCEXPR :funcid 2027 :funcresulttype 1114 :funcretset false :funcvariadic false :funcformat 2 :funccollid 0 :inputcollid 0 :args ({FUNCEXPR :funcid 1299 :funcresulttype 1184 :funcretset false :funcvariadic false :funcformat 0 :funccollid 0 :inputcollid 0 :args <> :location 9090}) :location -1}
16752,16749,1,{FUNCEXPR :funcid 480 :funcresulttype 23 :funcretset false :funcvariadic false :funcformat 2 :funccollid 0 :inputcollid 0 :args ({FUNCEXPR :funcid 1574 :funcresulttype 20 :funcretset false :funcvariadic false :funcformat 0 :funccollid 0 :inputcollid 0 :args ({CONST :consttype 2205 :consttypmod -1 :constcollid 0 :constlen 4 :constbyval true :constisnull false :location -1 :constvalue 4 [ 108 65 0 0 0 0 0 0 ]}) :location -1}) :location -1}
16753,16749,4,{FUNCEXPR :funcid 2027 :funcresulttype 1114 :funcretset false :funcvariadic false :funcformat 2 :funccollid 0 :inputcollid 0 :args ({FUNCEXPR :funcid 1299 :funcresulttype 1184 :funcretset false :funcvariadic false :funcformat 0 :funccollid 0 :inputcollid 0 :args <> :location 9321}) :location -1}
16754,16749,8,{FUNCEXPR :funcid 2027 :funcresulttype 1114 :funcretset false :funcvariadic false :funcformat 2 :funccollid 0 :inputcollid 0 :args ({FUNCEXPR :funcid 1299 :funcresulttype 1184 :funcretset false :funcvariadic false :funcformat 0 :funccollid 0 :inputcollid 0 :args <> :location 9509}) :location -1}
17070,17062,10,{CONST :consttype 1700 :consttypmod -1 :constcollid 0 :constlen -1 :constbyval false :constisnull false :location 2520 :constvalue 6 [ 24 0 0 0 0 -127 ]}
17071,17062,11,{CONST :consttype 1700 :consttypmod -1 :constcollid 0 :constlen -1 :constbyval false :constisnull false :location 2619 :constvalue 6 [ 24 0 0 0 0 -127 ]}
16762,16759,1,{FUNCEXPR :funcid 480 :funcresulttype 23 :funcretset false :funcvariadic false :funcformat 2 :funccollid 0 :inputcollid 0 :args ({FUNCEXPR :funcid 1574 :funcresulttype 20 :funcretset false :funcvariadic false :funcformat 0 :funccollid 0 :inputcollid 0 :args ({CONST :consttype 2205 :consttypmod -1 :constcollid 0 :constlen 4 :constbyval true :constisnull false :location -1 :constvalue 4 [ 118 65 0 0 0 0 0 0 ]}) :location -1}) :location -1}
16763,16759,3,{FUNCEXPR :funcid 2027 :funcresulttype 1114 :funcretset false :funcvariadic false :funcformat 2 :funccollid 0 :inputcollid 0 :args ({FUNCEXPR :funcid 1299 :funcresulttype 1184 :funcretset false :funcvariadic false :funcformat 0 :funccollid 0 :inputcollid 0 :args <> :location 9780}) :location -1}
16770,16767,1,{FUNCEXPR :funcid 480 :funcresulttype 23 :funcretset false :funcvariadic false :funcformat 2 :funccollid 0 :inputcollid 0 :args ({FUNCEXPR :funcid 1574 :funcresulttype 20 :funcretset false :funcvariadic false :funcformat 0 :funccollid 0 :inputcollid 0 :args ({CONST :consttype 2205 :consttypmod -1 :constcollid 0 :constlen 4 :constbyval true :constisnull false :location -1 :constvalue 4 [ 126 65 0 0 0 0 0 0 ]}) :location -1}) :location -1}
16771,16767,4,{CONST :consttype 23 :consttypmod -1 :constcollid 0 :constlen 4 :constbyval true :constisnull false :location 10055 :constvalue 4 [ 0 0 0 0 0 0 0 0 ]}
16772,16767,5,{FUNCEXPR :funcid 2027 :funcresulttype 1114 :funcretset false :funcvariadic false :funcformat 2 :funccollid 0 :inputcollid 0 :args ({FUNCEXPR :funcid 1299 :funcresulttype 1184 :funcretset false :funcvariadic false :funcformat 0 :funccollid 0 :inputcollid 0 :args <> :location 10158}) :location -1}
16773,16767,9,{FUNCEXPR :funcid 2027 :funcresulttype 1114 :funcretset false :funcvariadic false :funcformat 2 :funccollid 0 :inputcollid 0 :args ({FUNCEXPR :funcid 1299 :funcresulttype 1184 :funcretset false :funcvariadic false :funcformat 0 :funccollid 0 :inputcollid 0 :args <> :location 10367}) :location -1}
16780,16777,4,{CONST :consttype 23 :consttypmod -1 :constcollid 0 :constlen 4 :constbyval true :constisnull false :location 10731 :constvalue 4 [ 0 0 0 0 0 0 0 0 ]}
16781,16777,5,{FUNCEXPR :funcid 2027 :funcresulttype 1114 :funcretset false :funcvariadic false :funcformat 2 :funccollid 0 :inputcollid 0 :args ({FUNCEXPR :funcid 1299 :funcresulttype 1184 :funcretset false :funcvariadic false :funcformat 0 :funccollid 0 :inputcollid 0 :args <> :location 10841}) :location -1}
16782,16777,9,{FUNCEXPR :funcid 2027 :funcresulttype 1114 :funcretset false :funcvariadic false :funcformat 2 :funccollid 0 :inputcollid 0 :args ({FUNCEXPR :funcid 1299 :funcresulttype 1184 :funcretset false :funcvariadic false :funcformat 0 :funccollid 0 :inputcollid 0 :args <> :location 11057}) :location -1}
16789,16786,3,{FUNCEXPR :funcid 2027 :funcresulttype 1114 :funcretset false :funcvariadic false :funcformat 2 :funccollid 0 :inputcollid 0 :args ({FUNCEXPR :funcid 1299 :funcresulttype 1184 :funcretset false :funcvariadic false :funcformat 0 :funccollid 0 :inputcollid 0 :args <> :location 11359}) :location -1}
16796,16793,1,{FUNCEXPR :funcid 480 :funcresulttype 23 :funcretset false :funcvariadic false :funcformat 2 :funccollid 0 :inputcollid 0 :args ({FUNCEXPR :funcid 1574 :funcresulttype 20 :funcretset false :funcvariadic false :funcformat 0 :funccollid 0 :inputcollid 0 :args ({CONST :consttype 2205 :consttypmod -1 :constcollid 0 :constlen 4 :constbyval true :constisnull false :location -1 :constvalue 4 [ -104 65 0 0 0 0 0 0 ]}) :location -1}) :location -1}
16797,16793,10,{FUNCEXPR :funcid 2027 :funcresulttype 1114 :funcretset false :funcvariadic false :funcformat 2 :funccollid 0 :inputcollid 0 :args ({FUNCEXPR :funcid 1299 :funcresulttype 1184 :funcretset false :funcvariadic false :funcformat 0 :funccollid 0 :inputcollid 0 :args <> :location 11798}) :location -1}
16804,16801,12,{FUNCEXPR :funcid 2027 :funcresulttype 1114 :funcretset false :funcvariadic false :funcformat 2 :funccollid 0 :inputcollid 0 :args ({FUNCEXPR :funcid 1299 :funcresulttype 1184 :funcretset false :funcvariadic false :funcformat 0 :funccollid 0 :inputcollid 0 :args <> :location 12564}) :location -1}
17026,16611,15,{CONST :consttype 1043 :consttypmod -1 :constcollid 100 :constlen -1 :constbyval false :constisnull false :location 65 :constvalue 5 [ 20 0 0 0 47 ]}
17028,16686,4,{CONST :consttype 1043 :consttypmod -1 :constcollid 100 :constlen -1 :constbyval false :constisnull false :location 72 :constvalue 5 [ 20 0 0 0 47 ]}
17040,17037,11,{FUNCEXPR :funcid 2027 :funcresulttype 1114 :funcretset false :funcvariadic false :funcformat 2 :funccollid 0 :inputcollid 0 :args ({FUNCEXPR :funcid 1299 :funcresulttype 1184 :funcretset false :funcvariadic false :funcformat 0 :funccollid 0 :inputcollid 0 :args <> :location 487}) :location -1}
17053,17050,2,{FUNCEXPR :funcid 480 :funcresulttype 23 :funcretset false :funcvariadic false :funcformat 2 :funccollid 0 :inputcollid 0 :args ({FUNCEXPR :funcid 1574 :funcresulttype 20 :funcretset false :funcvariadic false :funcformat 0 :funccollid 0 :inputcollid 0 :args ({CONST :consttype 2205 :consttypmod -1 :constcollid 0 :constlen 4 :constbyval true :constisnull false :location -1 :constvalue 4 [ -103 66 0 0 0 0 0 0 ]}) :location -1}) :location -1}
17054,17050,11,{FUNCEXPR :funcid 2027 :funcresulttype 1114 :funcretset false :funcvariadic false :funcformat 2 :funccollid 0 :inputcollid 0 :args ({FUNCEXPR :funcid 1299 :funcresulttype 1184 :funcretset false :funcvariadic false :funcformat 0 :funccollid 0 :inputcollid 0 :args <> :location 1515}) :location -1}
17065,17062,1,{FUNCEXPR :funcid 480 :funcresulttype 23 :funcretset false :funcvariadic false :funcformat 2 :funccollid 0 :inputcollid 0 :args ({FUNCEXPR :funcid 1574 :funcresulttype 20 :funcretset false :funcvariadic false :funcformat 0 :funccollid 0 :inputcollid 0 :args ({CONST :consttype 2205 :consttypmod -1 :constcollid 0 :constlen 4 :constbyval true :constisnull false :location -1 :constvalue 4 [ -91 66 0 0 0 0 0 0 ]}) :location -1}) :location -1}
17066,17062,2,{FUNCEXPR :funcid 314 :funcresulttype 21 :funcretset false :funcvariadic false :funcformat 2 :funccollid 0 :inputcollid 0 :args ({CONST :consttype 23 :consttypmod -1 :constcollid 0 :constlen 4 :constbyval true :constisnull false :location 2014 :constvalue 4 [ 0 0 0 0 0 0 0 0 ]}) :location -1}
17067,17062,3,{FUNCEXPR :funcid 314 :funcresulttype 21 :funcretset false :funcvariadic false :funcformat 2 :funccollid 0 :inputcollid 0 :args ({CONST :consttype 23 :consttypmod -1 :constcollid 0 :constlen 4 :constbyval true :constisnull false :location 2111 :constvalue 4 [ 1 0 0 0 0 0 0 0 ]}) :location -1}
17068,17062,7,{FUNCEXPR :funcid 2027 :funcresulttype 1114 :funcretset false :funcvariadic false :funcformat 2 :funccollid 0 :inputcollid 0 :args ({FUNCEXPR :funcid 1299 :funcresulttype 1184 :funcretset false :funcvariadic false :funcformat 0 :funccollid 0 :inputcollid 0 :args <> :location 2302}) :location -1}
17069,17062,9,{CONST :consttype 1700 :consttypmod -1 :constcollid 0 :constlen -1 :constbyval false :constisnull false :location 2423 :constvalue 6 [ 24 0 0 0 0 -127 ]}
17072,17062,13,{FUNCEXPR :funcid 2027 :funcresulttype 1114 :funcretset false :funcvariadic false :funcformat 2 :funccollid 0 :inputcollid 0 :args ({FUNCEXPR :funcid 1299 :funcresulttype 1184 :funcretset false :funcvariadic false :funcformat 0 :funccollid 0 :inputcollid 0 :args <> :location 2817}) :location -1}
17084,17081,1,{FUNCEXPR :funcid 480 :funcresulttype 23 :funcretset false :funcvariadic false :funcformat 2 :funccollid 0 :inputcollid 0 :args ({FUNCEXPR :funcid 1574 :funcresulttype 20 :funcretset false :funcvariadic false :funcformat 0 :funccollid 0 :inputcollid 0 :args ({CONST :consttype 2205 :consttypmod -1 :constcollid 0 :constlen 4 :constbyval true :constisnull false :location -1 :constvalue 4 [ -72 66 0 0 0 0 0 0 ]}) :location -1}) :location -1}
17085,17081,3,{CONST :consttype 1700 :consttypmod -1 :constcollid 0 :constlen -1 :constbyval false :constisnull false :location 3456 :constvalue 6 [ 24 0 0 0 0 -127 ]}
17086,17081,4,{CONST :consttype 1700 :consttypmod -1 :constcollid 0 :constlen -1 :constbyval false :constisnull false :location 3547 :constvalue 6 [ 24 0 0 0 0 -127 ]}
17087,17081,5,{FUNCEXPR :funcid 16395 :funcresulttype 2950 :funcretset false :funcvariadic false :funcformat 0 :funccollid 0 :inputcollid 0 :args <> :location 3633}
17088,17081,6,{FUNCEXPR :funcid 2027 :funcresulttype 1114 :funcretset false :funcvariadic false :funcformat 2 :funccollid 0 :inputcollid 0 :args ({FUNCEXPR :funcid 1299 :funcresulttype 1184 :funcretset false :funcvariadic false :funcformat 0 :funccollid 0 :inputcollid 0 :args <> :location 3753}) :location -1}
17096,17093,5,{COERCETODOMAIN :arg {CONST :consttype 16 :consttypmod -1 :constcollid 0 :constlen 1 :constbyval true :constisnull false :location 4165 :constvalue 1 [ 1 0 0 0 0 0 0 0 ]} :resulttype 16426 :resulttypmod -1 :resultcollid 0 :coercionformat 2 :location -1}
17097,17093,6,{COERCETODOMAIN :arg {CONST :consttype 16 :consttypmod -1 :constcollid 0 :constlen 1 :constbyval true :constisnull false :location 4246 :constvalue 1 [ 1 0 0 0 0 0 0 0 ]} :resulttype 16426 :resulttypmod -1 :resultcollid 0 :coercionformat 2 :location -1}
17098,17093,8,{FUNCEXPR :funcid 2027 :funcresulttype 1114 :funcretset false :funcvariadic false :funcformat 2 :funccollid 0 :inputcollid 0 :args ({FUNCEXPR :funcid 1299 :funcresulttype 1184 :funcretset false :funcvariadic false :funcformat 0 :funccollid 0 :inputcollid 0 :args <> :location 4382}) :location -1}
17106,17103,3,{FUNCEXPR :funcid 2027 :funcresulttype 1114 :funcretset false :funcvariadic false :funcformat 2 :funccollid 0 :inputcollid 0 :args ({FUNCEXPR :funcid 1299 :funcresulttype 1184 :funcretset false :funcvariadic false :funcformat 0 :funccollid 0 :inputcollid 0 :args <> :location 232}) :location -1}
17111,17108,1,{FUNCEXPR :funcid 480 :funcresulttype 23 :funcretset false :funcvariadic false :funcformat 2 :funccollid 0 :inputcollid 0 :args ({FUNCEXPR :funcid 1574 :funcresulttype 20 :funcretset false :funcvariadic false :funcformat 0 :funccollid 0 :inputcollid 0 :args ({CONST :consttype 2205 :consttypmod -1 :constcollid 0 :constlen 4 :constbyval true :constisnull false :location -1 :constvalue 4 [ -45 66 0 0 0 0 0 0 ]}) :location -1}) :location -1}
17112,17108,6,{FUNCEXPR :funcid 2027 :funcresulttype 1114 :funcretset false :funcvariadic false :funcformat 2 :funccollid 0 :inputcollid 0 :args ({FUNCEXPR :funcid 1299 :funcresulttype 1184 :funcretset false :funcvariadic false :funcformat 0 :funccollid 0 :inputcollid 0 :args <> :location 542}) :location -1}
17116,17113,3,{FUNCEXPR :funcid 2027 :funcresulttype 1114 :funcretset false :funcvariadic false :funcformat 2 :funccollid 0 :inputcollid 0 :args ({FUNCEXPR :funcid 1299 :funcresulttype 1184 :funcretset false :funcvariadic false :funcformat 0 :funccollid 0 :inputcollid 0 :args <> :location 722}) :location -1}
17123,17120,1,{FUNCEXPR :funcid 480 :funcresulttype 23 :funcretset false :funcvariadic false :funcformat 2 :funccollid 0 :inputcollid 0 :args ({FUNCEXPR :funcid 1574 :funcresulttype 20 :funcretset false :funcvariadic false :funcformat 0 :funccollid 0 :inputcollid 0 :args ({CONST :consttype 2205 :consttypmod -1 :constcollid 0 :constlen 4 :constbyval true :constisnull false :location -1 :constvalue 4 [ -33 66 0 0 0 0 0 0 ]}) :location -1}) :location -1}
17124,17120,7,{FUNCEXPR :funcid 2027 :funcresulttype 1114 :funcretset false :funcvariadic false :funcformat 2 :funccollid 0 :inputcollid 0 :args ({FUNCEXPR :funcid 1299 :funcresulttype 1184 :funcretset false :funcvariadic false :funcformat 0 :funccollid 0 :inputcollid 0 :args <> :location 1100}) :location -1}
17131,17128,1,{FUNCEXPR :funcid 480 :funcresulttype 23 :funcretset false :funcvariadic false :funcformat 2 :funccollid 0 :inputcollid 0 :args ({FUNCEXPR :funcid 1574 :funcresulttype 20 :funcretset false :funcvariadic false :funcformat 0 :funccollid 0 :inputcollid 0 :args ({CONST :consttype 2205 :consttypmod -1 :constcollid 0 :constlen 4 :constbyval true :constisnull false :location -1 :constvalue 4 [ -25 66 0 0 0 0 0 0 ]}) :location -1}) :location -1}
17132,17128,6,{FUNCEXPR :funcid 16395 :funcresulttype 2950 :funcretset false :funcvariadic false :funcformat 0 :funccollid 0 :inputcollid 0 :args <> :location 1651}
17133,17128,7,{FUNCEXPR :funcid 2027 :funcresulttype 1114 :funcretset false :funcvariadic false :funcformat 2 :funccollid 0 :inputcollid 0 :args ({FUNCEXPR :funcid 1299 :funcresulttype 1184 :funcretset false :funcvariadic false :funcformat 0 :funccollid 0 :inputcollid 0 :args <> :location 1769}) :location -1}
17139,17136,3,{FUNCEXPR :funcid 2027 :funcresulttype 1114 :funcretset false :funcvariadic false :funcformat 2 :funccollid 0 :inputcollid 0 :args ({FUNCEXPR :funcid 1299 :funcresulttype 1184 :funcretset false :funcvariadic false :funcformat 0 :funccollid 0 :inputcollid 0 :args <> :location 1970}) :location -1}
17144,17141,2,{FUNCEXPR :funcid 480 :funcresulttype 23 :funcretset false :funcvariadic false :funcformat 2 :funccollid 0 :inputcollid 0 :args ({FUNCEXPR :funcid 1574 :funcresulttype 20 :funcretset false :funcvariadic false :funcformat 0 :funccollid 0 :inputcollid 0 :args ({CONST :consttype 2205 :consttypmod -1 :constcollid 0 :constlen 4 :constbyval true :constisnull false :location -1 :constvalue 4 [ -12 66 0 0 0 0 0 0 ]}) :location -1}) :location -1}
17145,17141,8,{CONST :consttype 1700 :consttypmod -1 :constcollid 0 :constlen -1 :constbyval false :constisnull false :location 2369 :constvalue 6 [ 24 0 0 0 -128 -128 ]}
17146,17141,10,{FUNCEXPR :funcid 16395 :funcresulttype 2950 :funcretset false :funcvariadic false :funcformat 0 :funccollid 0 :inputcollid 0 :args <> :location 2552}
17147,17141,11,{FUNCEXPR :funcid 2027 :funcresulttype 1114 :funcretset false :funcvariadic false :funcformat 2 :funccollid 0 :inputcollid 0 :args ({FUNCEXPR :funcid 1299 :funcresulttype 1184 :funcretset false :funcvariadic false :funcformat 0 :funccollid 0 :inputcollid 0 :args <> :location 2678}) :location -1}
17157,17154,1,{FUNCEXPR :funcid 480 :funcresulttype 23 :funcretset false :funcvariadic false :funcformat 2 :funccollid 0 :inputcollid 0 :args ({FUNCEXPR :funcid 1574 :funcresulttype 20 :funcretset false :funcvariadic false :funcformat 0 :funccollid 0 :inputcollid 0 :args ({CONST :consttype 2205 :consttypmod -1 :constcollid 0 :constlen 4 :constbyval true :constisnull false :location -1 :constvalue 4 [ 1 67 0 0 0 0 0 0 ]}) :location -1}) :location -1}
17158,17154,2,{FUNCEXPR :funcid 314 :funcresulttype 21 :funcretset false :funcvariadic false :funcformat 2 :funccollid 0 :inputcollid 0 :args ({CONST :consttype 23 :consttypmod -1 :constcollid 0 :constlen 4 :constbyval true :constisnull false :location 3113 :constvalue 4 [ 0 0 0 0 0 0 0 0 ]}) :location -1}
17159,17154,3,{FUNCEXPR :funcid 2027 :funcresulttype 1114 :funcretset false :funcvariadic false :funcformat 2 :funccollid 0 :inputcollid 0 :args ({FUNCEXPR :funcid 1299 :funcresulttype 1184 :funcretset false :funcvariadic false :funcformat 0 :funccollid 0 :inputcollid 0 :args <> :location 3213}) :location -1}
17160,17154,6,{FUNCEXPR :funcid 314 :funcresulttype 21 :funcretset false :funcvariadic false :funcformat 2 :funccollid 0 :inputcollid 0 :args ({CONST :consttype 23 :consttypmod -1 :constcollid 0 :constlen 4 :constbyval true :constisnull false :location 3360 :constvalue 4 [ 1 0 0 0 0 0 0 0 ]}) :location -1}
17161,17154,7,{COERCETODOMAIN :arg {CONST :consttype 16 :consttypmod -1 :constcollid 0 :constlen 1 :constbyval true :constisnull false :location 3469 :constvalue 1 [ 1 0 0 0 0 0 0 0 ]} :resulttype 16426 :resulttypmod -1 :resultcollid 0 :coercionformat 2 :location -1}
17162,17154,20,{CONST :consttype 1700 :consttypmod -1 :constcollid 0 :constlen -1 :constbyval false :constisnull false :location 4038 :constvalue 6 [ 24 0 0 0 0 -127 ]}
17163,17154,21,{CONST :consttype 1700 :consttypmod -1 :constcollid 0 :constlen -1 :constbyval false :constisnull false :location 4131 :constvalue 6 [ 24 0 0 0 0 -127 ]}
17164,17154,22,{CONST :consttype 1700 :consttypmod -1 :constcollid 0 :constlen -1 :constbyval false :constisnull false :location 4226 :constvalue 6 [ 24 0 0 0 0 -127 ]}
17165,17154,25,{FUNCEXPR :funcid 16395 :funcresulttype 2950 :funcretset false :funcvariadic false :funcformat 0 :funccollid 0 :inputcollid 0 :args <> :location 4417}
17166,17154,26,{FUNCEXPR :funcid 2027 :funcresulttype 1114 :funcretset false :funcvariadic false :funcformat 2 :funccollid 0 :inputcollid 0 :args ({FUNCEXPR :funcid 1299 :funcresulttype 1184 :funcretset false :funcvariadic false :funcformat 0 :funccollid 0 :inputcollid 0 :args <> :location 4543}) :location -1}
17178,17175,3,{FUNCEXPR :funcid 2027 :funcresulttype 1114 :funcretset false :funcvariadic false :funcformat 2 :funccollid 0 :inputcollid 0 :args ({FUNCEXPR :funcid 1299 :funcresulttype 1184 :funcretset false :funcvariadic false :funcformat 0 :funccollid 0 :inputcollid 0 :args <> :location 5225}) :location -1}
17182,17179,4,{CONST :consttype 1700 :consttypmod -1 :constcollid 0 :constlen -1 :constbyval false :constisnull false :location 5433 :constvalue 6 [ 24 0 0 0 0 -127 ]}
17183,17179,5,{CONST :consttype 1700 :consttypmod -1 :constcollid 0 :constlen -1 :constbyval false :constisnull false :location 5535 :constvalue 6 [ 24 0 0 0 0 -127 ]}
17184,17179,6,{CONST :consttype 1700 :consttypmod -1 :constcollid 0 :constlen -1 :constbyval false :constisnull false :location 5641 :constvalue 6 [ 24 0 0 0 0 -127 ]}
17185,17179,7,{CONST :consttype 1700 :consttypmod -1 :constcollid 0 :constlen -1 :constbyval false :constisnull false :location 5743 :constvalue 6 [ 24 0 0 0 0 -127 ]}
17186,17179,8,{FUNCEXPR :funcid 16395 :funcresulttype 2950 :funcretset false :funcvariadic false :funcformat 0 :funccollid 0 :inputcollid 0 :args <> :location 5830}
17187,17179,9,{FUNCEXPR :funcid 2027 :funcresulttype 1114 :funcretset false :funcvariadic false :funcformat 2 :funccollid 0 :inputcollid 0 :args ({FUNCEXPR :funcid 1299 :funcresulttype 1184 :funcretset false :funcvariadic false :funcformat 0 :funccollid 0 :inputcollid 0 :args <> :location 5951}) :location -1}
17198,17195,4,{FUNCEXPR :funcid 16395 :funcresulttype 2950 :funcretset false :funcvariadic false :funcformat 0 :funccollid 0 :inputcollid 0 :args <> :location 6548}
17199,17195,5,{FUNCEXPR :funcid 2027 :funcresulttype 1114 :funcretset false :funcvariadic false :funcformat 2 :funccollid 0 :inputcollid 0 :args ({FUNCEXPR :funcid 1299 :funcresulttype 1184 :funcretset false :funcvariadic false :funcformat 0 :funccollid 0 :inputcollid 0 :args <> :location 6681}) :location -1}
17207,17204,1,{FUNCEXPR :funcid 480 :funcresulttype 23 :funcretset false :funcvariadic false :funcformat 2 :funccollid 0 :inputcollid 0 :args ({FUNCEXPR :funcid 1574 :funcresulttype 20 :funcretset false :funcvariadic false :funcformat 0 :funccollid 0 :inputcollid 0 :args ({CONST :consttype 2205 :consttypmod -1 :constcollid 0 :constlen 4 :constbyval true :constisnull false :location -1 :constvalue 4 [ 51 67 0 0 0 0 0 0 ]}) :location -1}) :location -1}
17208,17204,4,{FUNCEXPR :funcid 2027 :funcresulttype 1114 :funcretset false :funcvariadic false :funcformat 2 :funccollid 0 :inputcollid 0 :args ({FUNCEXPR :funcid 1299 :funcresulttype 1184 :funcretset false :funcvariadic false :funcformat 0 :funccollid 0 :inputcollid 0 :args <> :location 6988}) :location -1}
17215,17212,1,{FUNCEXPR :funcid 480 :funcresulttype 23 :funcretset false :funcvariadic false :funcformat 2 :funccollid 0 :inputcollid 0 :args ({FUNCEXPR :funcid 1574 :funcresulttype 20 :funcretset false :funcvariadic false :funcformat 0 :funccollid 0 :inputcollid 0 :args ({CONST :consttype 2205 :consttypmod -1 :constcollid 0 :constlen 4 :constbyval true :constisnull false :location -1 :constvalue 4 [ 59 67 0 0 0 0 0 0 ]}) :location -1}) :location -1}
17216,17212,4,{CONST :consttype 1700 :consttypmod -1 :constcollid 0 :constlen -1 :constbyval false :constisnull false :location 7222 :constvalue 6 [ 24 0 0 0 0 -127 ]}
17217,17212,6,{FUNCEXPR :funcid 16395 :funcresulttype 2950 :funcretset false :funcvariadic false :funcformat 0 :funccollid 0 :inputcollid 0 :args <> :location 7350}
17218,17212,7,{FUNCEXPR :funcid 2027 :funcresulttype 1114 :funcretset false :funcvariadic false :funcformat 2 :funccollid 0 :inputcollid 0 :args ({FUNCEXPR :funcid 1299 :funcresulttype 1184 :funcretset false :funcvariadic false :funcformat 0 :funccollid 0 :inputcollid 0 :args <> :location 7472}) :location -1}
17226,17223,1,{FUNCEXPR :funcid 480 :funcresulttype 23 :funcretset false :funcvariadic false :funcformat 2 :funccollid 0 :inputcollid 0 :args ({FUNCEXPR :funcid 1574 :funcresulttype 20 :funcretset false :funcvariadic false :funcformat 0 :funccollid 0 :inputcollid 0 :args ({CONST :consttype 2205 :consttypmod -1 :constcollid 0 :constlen 4 :constbyval true :constisnull false :location -1 :constvalue 4 [ 70 67 0 0 0 0 0 0 ]}) :location -1}) :location -1}
17227,17223,5,{CONST :consttype 1700 :consttypmod -1 :constcollid 0 :constlen -1 :constbyval false :constisnull false :location 7819 :constvalue 6 [ 24 0 0 0 0 -127 ]}
17228,17223,6,{CONST :consttype 1700 :consttypmod -1 :constcollid 0 :constlen -1 :constbyval false :constisnull false :location 7924 :constvalue 6 [ 24 0 0 0 0 -127 ]}
17229,17223,7,{CONST :consttype 1700 :consttypmod -1 :constcollid 0 :constlen -1 :constbyval false :constisnull false :location 8017 :constvalue 6 [ 24 0 0 0 0 -127 ]}
17230,17223,8,{CONST :consttype 1700 :consttypmod -1 :constcollid 0 :constlen -1 :constbyval false :constisnull false :location 8120 :constvalue 6 [ 24 0 0 0 0 -127 ]}
17231,17223,9,{FUNCEXPR :funcid 16395 :funcresulttype 2950 :funcretset false :funcvariadic false :funcformat 0 :funccollid 0 :inputcollid 0 :args <> :location 8210}
17232,17223,10,{FUNCEXPR :funcid 2027 :funcresulttype 1114 :funcretset false :funcvariadic false :funcformat 2 :funccollid 0 :inputcollid 0 :args ({FUNCEXPR :funcid 1299 :funcresulttype 1184 :funcretset false :funcvariadic false :funcformat 0 :funccollid 0 :inputcollid 0 :args <> :location 8334}) :location -1}
17242,17239,5,{FUNCEXPR :funcid 16395 :funcresulttype 2950 :funcretset false :funcvariadic false :funcformat 0 :funccollid 0 :inputcollid 0 :args <> :location 8906}
17243,17239,6,{FUNCEXPR :funcid 2027 :funcresulttype 1114 :funcretset false :funcvariadic false :funcformat 2 :funccollid 0 :inputcollid 0 :args ({FUNCEXPR :funcid 1299 :funcresulttype 1184 :funcretset false :funcvariadic false :funcformat 0 :funccollid 0 :inputcollid 0 :args <> :location 9037}) :location -1}
17249,17246,1,{FUNCEXPR :funcid 480 :funcresulttype 23 :funcretset false :funcvariadic false :funcformat 2 :funccollid 0 :inputcollid 0 :args ({FUNCEXPR :funcid 1574 :funcresulttype 20 :funcretset false :funcvariadic false :funcformat 0 :funccollid 0 :inputcollid 0 :args ({CONST :consttype 2205 :consttypmod -1 :constcollid 0 :constlen 4 :constbyval true :constisnull false :location -1 :constvalue 4 [ 93 67 0 0 0 0 0 0 ]}) :location -1}) :location -1}
17250,17246,3,{CONST :consttype 23 :consttypmod -1 :constcollid 0 :constlen 4 :constbyval true :constisnull false :location 9349 :constvalue 4 [ 1 0 0 0 0 0 0 0 ]}
17251,17246,5,{FUNCEXPR :funcid 2027 :funcresulttype 1114 :funcretset false :funcvariadic false :funcformat 2 :funccollid 0 :inputcollid 0 :args ({FUNCEXPR :funcid 1299 :funcresulttype 1184 :funcretset false :funcvariadic false :funcformat 0 :funccollid 0 :inputcollid 0 :args <> :location 9470}) :location -1}
17252,17246,6,{FUNCEXPR :funcid 2027 :funcresulttype 1114 :funcretset false :funcvariadic false :funcformat 2 :funccollid 0 :inputcollid 0 :args ({FUNCEXPR :funcid 1299 :funcresulttype 1184 :funcretset false :funcvariadic false :funcformat 0 :funccollid 0 :inputcollid 0 :args <> :location 9569}) :location -1}
17258,17255,1,{FUNCEXPR :funcid 480 :funcresulttype 23 :funcretset false :funcvariadic false :funcformat 2 :funccollid 0 :inputcollid 0 :args ({FUNCEXPR :funcid 1574 :funcresulttype 20 :funcretset false :funcvariadic false :funcformat 0 :funccollid 0 :inputcollid 0 :args ({CONST :consttype 2205 :consttypmod -1 :constcollid 0 :constlen 4 :constbyval true :constisnull false :location -1 :constvalue 4 [ 102 67 0 0 0 0 0 0 ]}) :location -1}) :location -1}
17259,17255,3,{CONST :consttype 1700 :consttypmod -1 :constcollid 0 :constlen -1 :constbyval false :constisnull false :location 9843 :constvalue 6 [ 24 0 0 0 0 -127 ]}
17260,17255,8,{CONST :consttype 23 :consttypmod -1 :constcollid 0 :constlen 4 :constbyval true :constisnull false :location 10074 :constvalue 4 [ 0 0 0 0 0 0 0 0 ]}
17261,17255,10,{FUNCEXPR :funcid 16395 :funcresulttype 2950 :funcretset false :funcvariadic false :funcformat 0 :funccollid 0 :inputcollid 0 :args <> :location 10171}
17262,17255,11,{FUNCEXPR :funcid 2027 :funcresulttype 1114 :funcretset false :funcvariadic false :funcformat 2 :funccollid 0 :inputcollid 0 :args ({FUNCEXPR :funcid 1299 :funcresulttype 1184 :funcretset false :funcvariadic false :funcformat 0 :funccollid 0 :inputcollid 0 :args <> :location 10293}) :location -1}
17272,17269,3,{FUNCEXPR :funcid 16395 :funcresulttype 2950 :funcretset false :funcvariadic false :funcformat 0 :funccollid 0 :inputcollid 0 :args <> :location 10748}
17273,17269,4,{FUNCEXPR :funcid 2027 :funcresulttype 1114 :funcretset false :funcvariadic false :funcformat 2 :funccollid 0 :inputcollid 0 :args ({FUNCEXPR :funcid 1299 :funcresulttype 1184 :funcretset false :funcvariadic false :funcformat 0 :funccollid 0 :inputcollid 0 :args <> :location 10877}) :location -1}
17277,17274,5,{FUNCEXPR :funcid 16395 :funcresulttype 2950 :funcretset false :funcvariadic false :funcformat 0 :funccollid 0 :inputcollid 0 :args <> :location 11133}
17278,17274,6,{FUNCEXPR :funcid 2027 :funcresulttype 1114 :funcretset false :funcvariadic false :funcformat 2 :funccollid 0 :inputcollid 0 :args ({FUNCEXPR :funcid 1299 :funcresulttype 1184 :funcretset false :funcvariadic false :funcformat 0 :funccollid 0 :inputcollid 0 :args <> :location 11248}) :location -1}
