1,<memory at 0x000001E01095E200>,no_image_available_small.gif,<memory at 0x000001E01095E2C0>,no_image_available_large.gif,2008-04-30 00:00:00
69,<memory at 0x000001E01095CE80>,racer02_black_f_small.gif,<memory at 0x000001E01095E380>,racer02_black_f_large.gif,2008-04-30 00:00:00
70,<memory at 0x000001E01095D180>,racer02_black_small.gif,<memory at 0x000001E01095CA00>,racer02_black_large.gif,2012-10-19 09:56:38.273000
72,<memory at 0x000001E01095C100>,racer02_blue_f_small.gif,<memory at 0x000001E01095CC40>,racer02_blue_f_large.gif,2012-10-19 09:56:38.273000
73,<memory at 0x000001E01095FD00>,racer02_blue_small.gif,<memory at 0x000001E01095DC00>,racer02_blue_large.gif,2012-10-19 09:56:38.273000
76,<memory at 0x000001E01095DFC0>,racer02_green_f_small.gif,<memory at 0x000001E01095DCC0>,racer02_green_f_large.gif,2012-10-19 09:56:38.273000
77,<memory at 0x000001E01095E800>,racer02_green_small.gif,<memory at 0x000001E01095FA00>,racer02_green_large.gif,2012-10-19 09:56:38.273000
78,<memory at 0x000001E01095FB80>,hotrodbike_black_small.gif,<memory at 0x000001E01095D540>,hotrodbike_black_large.gif,2012-04-30 00:00:00
79,<memory at 0x000001E01095FC40>,hotrodbike_blue_small.gif,<memory at 0x000001E01095F940>,hotrodbike_blue_large.gif,2012-10-19 09:56:38.273000
80,<memory at 0x000001E01095F640>,hotrodbike_f_small.gif,<memory at 0x000001E01095F340>,hotrodbike_f_large.gif,2013-04-30 00:00:00
81,<memory at 0x000001E01095F040>,hotrodbike_f_silver_small.gif,<memory at 0x000001E01095E680>,hotrodbike_f_silver_large.gif,2013-04-30 00:00:00
82,<memory at 0x000001E01095D9C0>,hotrodbike_small.gif,<memory at 0x000001E01095E140>,hotrodbike_large.gif,2013-04-30 00:00:00
83,<memory at 0x000001E01095D000>,hotrodbike_red_small.gif,<memory at 0x000001E01095D840>,hotrodbike_red_large.gif,2012-10-19 09:56:38.273000
84,<memory at 0x000001E01095D300>,hotrodbike_silver_small.gif,<memory at 0x000001E01095CB80>,hotrodbike_silver_large.gif,2012-04-30 00:00:00
85,<memory at 0x000001E01095C700>,hotrodbike_yellow_small.gif,<memory at 0x000001E01095EE00>,hotrodbike_yellow_large.gif,2012-10-19 09:56:38.273000
86,<memory at 0x000001E010BEC040>,julianax_r_02_black_small.gif,<memory at 0x000001E010BEC1C0>,julianax_r_02_black_large.gif,2012-10-19 09:56:38.273000
87,<memory at 0x000001E010BEC340>,julianax_r_02_blue_small.gif,<memory at 0x000001E010BEC4C0>,julianax_r_02_blue_large.gif,2012-10-19 09:56:38.273000
88,<memory at 0x000001E010BEC640>,julianax_r_02_f_black_small.gif,<memory at 0x000001E010BEC7C0>,julianax_r_02_f_black_large.gif,2012-10-19 09:56:38.273000
89,<memory at 0x000001E010BEC940>,julianax_r_02_f_blue_small.gif,<memory at 0x000001E010BECAC0>,julianax_r_02_f_blue_large.gif,2012-10-19 09:56:38.273000
90,<memory at 0x000001E010BECC40>,julianax_r_02_f_gold_small.gif,<memory at 0x000001E010BECDC0>,julianax_r_02_f_gold_large.gif,2012-10-19 09:56:38.273000
91,<memory at 0x000001E010BECF40>,julianax_r_02_f_green_small.gif,<memory at 0x000001E010BED0C0>,julianax_r_02_f_green_large.gif,2012-10-19 09:56:38.273000
93,<memory at 0x000001E010BED240>,julianax_r_02_f_red_small.gif,<memory at 0x000001E010BED3C0>,julianax_r_02_f_red_large.gif,2012-10-19 09:56:38.273000
94,<memory at 0x000001E010BED540>,julianax_r_02_gold_small.gif,<memory at 0x000001E010BED6C0>,julianax_r_02_gold_large.gif,2012-10-19 09:56:38.273000
95,<memory at 0x000001E010BED840>,julianax_r_02_green_small.gif,<memory at 0x000001E010BED9C0>,julianax_r_02_green_large.gif,2012-10-19 09:56:38.273000
97,<memory at 0x000001E010BEDB40>,julianax_r_02_red_small.gif,<memory at 0x000001E010BEDCC0>,julianax_r_02_red_large.gif,2012-10-19 09:56:38.273000
98,<memory at 0x000001E010BEDE40>,julianax_r_02_silver_small.gif,<memory at 0x000001E010BEDFC0>,julianax_r_02_silver_large.gif,2012-10-19 09:56:38.273000
99,<memory at 0x000001E010BEE140>,julianax_r_02_yellow_small.gif,<memory at 0x000001E010BEE2C0>,julianax_r_02_yellow_large.gif,2012-10-19 09:56:38.273000
100,<memory at 0x000001E010BEE440>,racer02_red_small.gif,<memory at 0x000001E010BEE5C0>,racer02_red_large.gif,2012-10-19 09:56:38.273000
102,<memory at 0x000001E010BEE740>,roadster_black_small.gif,<memory at 0x000001E010BEE8C0>,roadster_black_large.gif,2012-10-19 09:56:38.273000
103,<memory at 0x000001E010BEEA40>,roadster_blue_small.gif,<memory at 0x000001E010BEEBC0>,roadster_blue_large.gif,2012-10-19 09:56:38.273000
105,<memory at 0x000001E010BEED40>,roadster_green_f_small.gif,<memory at 0x000001E010BEEEC0>,roadster_green_f_large.gif,2012-10-19 09:56:38.273000
106,<memory at 0x000001E010BEF040>,roadster_green_small.gif,<memory at 0x000001E010BEF1C0>,roadster_green_large.gif,2012-10-19 09:56:38.273000
107,<memory at 0x000001E010BEF340>,roadster_small.gif,<memory at 0x000001E010BEF4C0>,roadster_large.gif,2012-10-19 09:56:38.273000
108,<memory at 0x000001E010BEF640>,roadster_purple_f_small.gif,<memory at 0x000001E010BEF7C0>,roadster_purple_f_large.gif,2012-10-19 09:56:38.273000
109,<memory at 0x000001E010BEF940>,roadster_purple_small.gif,<memory at 0x000001E010BEFAC0>,roadster_purple_large.gif,2012-10-19 09:56:38.273000
110,<memory at 0x000001E010BEFC40>,roadster_red_f_small.gif,<memory at 0x000001E010BEFDC0>,roadster_red_f_large.gif,2012-10-19 09:56:38.273000
111,<memory at 0x000001E010BEFF40>,roadster_red_small.gif,<memory at 0x000001E010B94100>,roadster_red_large.gif,2011-05-01 00:00:00
112,<memory at 0x000001E010B94280>,roadster_silver_small.gif,<memory at 0x000001E010B94400>,roadster_silver_large.gif,2012-10-19 09:56:38.273000
113,<memory at 0x000001E010B94580>,roadster_yellow_f_small.gif,<memory at 0x000001E010B94700>,roadster_yellow_f_large.gif,2013-04-30 00:00:00
114,<memory at 0x000001E010B94880>,roadster_yellow_small.gif,<memory at 0x000001E010B94A00>,roadster_yellow_large.gif,2012-10-19 09:56:38.273000
115,<memory at 0x000001E010B94B80>,racer02_silver_small.gif,<memory at 0x000001E010B94D00>,racer02_silver_large.gif,2012-10-19 09:56:38.273000
117,<memory at 0x000001E010B94E80>,superlight_black_f_small.gif,<memory at 0x000001E010B95000>,superlight_black_f_large.gif,2012-10-19 09:56:38.273000
118,<memory at 0x000001E010B95180>,superlight_black_small.gif,<memory at 0x000001E010B95300>,superlight_black_large.gif,2011-05-01 00:00:00
119,<memory at 0x000001E010B95480>,superlight_blue_f_small.gif,<memory at 0x000001E010B95600>,superlight_blue_f_large.gif,2011-05-01 00:00:00
120,<memory at 0x000001E010B95780>,superlight_blue_small.gif,<memory at 0x000001E010B95900>,superlight_blue_large.gif,2012-10-19 09:56:38.273000
123,<memory at 0x000001E010B95A80>,superlight_metalicgreen_f_small.gif,<memory at 0x000001E010B95C00>,superlight_metalicgreen_f_large.gif,2012-10-19 09:56:38.273000
124,<memory at 0x000001E010B95D80>,superlight_metalicgreen_small.gif,<memory at 0x000001E010B95F00>,superlight_metalicgreen_large.gif,2012-10-19 09:56:38.273000
125,<memory at 0x000001E010B96080>,superlight_red_f_small.gif,<memory at 0x000001E010B96200>,superlight_red_f_large.gif,2012-10-19 09:56:38.273000
126,<memory at 0x000001E010B96380>,superlight_red_small.gif,<memory at 0x000001E010B96500>,superlight_red_large.gif,2011-05-01 00:00:00
127,<memory at 0x000001E010B96680>,superlight_silver_f_small.gif,<memory at 0x000001E010B96800>,superlight_silver_f_large.gif,2011-05-01 00:00:00
128,<memory at 0x000001E010B96980>,superlight_silver_small.gif,<memory at 0x000001E010B96B00>,superlight_silver_large.gif,2011-05-01 00:00:00
129,<memory at 0x000001E010B96C80>,superlight_yellow_f_small.gif,<memory at 0x000001E010B96E00>,superlight_yellow_f_large.gif,2011-05-01 00:00:00
130,<memory at 0x000001E010B96F80>,superlight_yellow_small.gif,<memory at 0x000001E010B97100>,superlight_yellow_large.gif,2012-10-19 09:56:38.273000
131,<memory at 0x000001E010B97280>,racer02_yellow_f_small.gif,<memory at 0x000001E010B97400>,racer02_yellow_f_large.gif,2012-04-30 00:00:00
133,<memory at 0x000001E010B97580>,chain_small.gif,<memory at 0x000001E010B97700>,chain_large.gif,2012-04-30 00:00:00
134,<memory at 0x000001E010B97880>,chain_lube_small.gif,<memory at 0x000001E010B97A00>,chain_lube_large.gif,2012-04-30 00:00:00
135,<memory at 0x000001E010B97B80>,clipless_pedals_small.gif,<memory at 0x000001E010B97D00>,clipless_pedals_large.gif,2013-04-30 00:00:00
136,<memory at 0x000001E010B97E80>,co2_4tire_small.gif,<memory at 0x000001E010B68040>,co2_4tire_large.gif,2013-04-30 00:00:00
137,<memory at 0x000001E010B681C0>,double_headlight_small.gif,<memory at 0x000001E010B68340>,double_headlight_large.gif,2012-04-30 00:00:00
138,<memory at 0x000001E010B684C0>,fork_small.gif,<memory at 0x000001E010B68640>,fork_large.gif,2012-04-30 00:00:00
139,<memory at 0x000001E010B687C0>,frame_black_small.gif,<memory at 0x000001E010B68940>,frame_black_large.gif,2011-05-01 00:00:00
140,<memory at 0x000001E010B68AC0>,frame_blue_small.gif,<memory at 0x000001E010B68C40>,frame_blue_large.gif,2012-10-19 09:56:38.273000
141,<memory at 0x000001E010B68DC0>,frame_small.gif,<memory at 0x000001E010B68F40>,frame_large.gif,2012-10-19 09:56:38.273000
142,<memory at 0x000001E010B690C0>,frame_red_small.gif,<memory at 0x000001E010B69240>,frame_red_large.gif,2012-10-19 09:56:38.273000
143,<memory at 0x000001E010B693C0>,frame_silver_small.gif,<memory at 0x000001E010B69540>,frame_silver_large.gif,2011-05-01 00:00:00
144,<memory at 0x000001E010B696C0>,frame_yellow_small.gif,<memory at 0x000001E010B69840>,frame_yellow_large.gif,2012-10-19 09:56:38.273000
145,<memory at 0x000001E010B699C0>,handlebar_small.gif,<memory at 0x000001E010B69B40>,handlebar_large.gif,2012-04-30 00:00:00
146,<memory at 0x000001E010B69CC0>,mb_tires_small.gif,<memory at 0x000001E010B69E40>,mb_tires_large.gif,2013-04-30 00:00:00
147,<memory at 0x000001E010B69FC0>,pedal_small.gif,<memory at 0x000001E010B6A140>,pedal_large.gif,2013-04-30 00:00:00
149,<memory at 0x000001E010B6A2C0>,saddle_small.gif,<memory at 0x000001E010B6A440>,saddle_large.gif,2013-04-30 00:00:00
150,<memory at 0x000001E010B6A5C0>,silver_chain_small.gif,<memory at 0x000001E010B6A740>,silver_chain_large.gif,2013-04-30 00:00:00
151,<memory at 0x000001E010B6A8C0>,silver_pedal_small.gif,<memory at 0x000001E010B6AA40>,silver_pedal_large.gif,2013-04-30 00:00:00
152,<memory at 0x000001E010B6ABC0>,silver_sprocket_small.gif,<memory at 0x000001E010B6AD40>,silver_sprocket_large.gif,2013-04-30 00:00:00
153,<memory at 0x000001E010B6AEC0>,single_headlight_small.gif,<memory at 0x000001E010B6B040>,single_headlight_large.gif,2012-04-30 00:00:00
154,<memory at 0x000001E010B6B1C0>,sprocket_small.gif,<memory at 0x000001E010B6B340>,sprocket_large.gif,2013-04-30 00:00:00
155,<memory at 0x000001E010B6B4C0>,street_tires_small.gif,<memory at 0x000001E010B6B640>,street_tires_large.gif,2013-04-30 00:00:00
156,<memory at 0x000001E010B6B7C0>,tail_lights_small.gif,<memory at 0x000001E010B6B940>,tail_lights_large.gif,2012-04-30 00:00:00
157,<memory at 0x000001E010B6BAC0>,tirepatch_kit_small.gif,<memory at 0x000001E010B6BC40>,tirepatch_kit_large.gif,2013-04-30 00:00:00
158,<memory at 0x000001E010B6BDC0>,water_bottle_cage_small.gif,<memory at 0x000001E010B6BF40>,water_bottle_cage_large.gif,2013-04-30 00:00:00
159,<memory at 0x000001E010B58100>,water_bottle_small.gif,<memory at 0x000001E010B58280>,water_bottle_large.gif,2013-04-30 00:00:00
160,<memory at 0x000001E010B58400>,wheel_small.gif,<memory at 0x000001E010B58580>,wheel_large.gif,2008-03-31 00:00:00
161,<memory at 0x000001E010B58700>,awc_jersey_female_small.gif,<memory at 0x000001E010B58880>,awc_jersey_female_large.gif,2008-03-31 00:00:00
162,<memory at 0x000001E010B58A00>,awc_jersey_male_small.gif,<memory at 0x000001E010B58B80>,awc_jersey_male_large.gif,2011-05-01 00:00:00
163,<memory at 0x000001E010B58D00>,awc_tee_female_small.gif,<memory at 0x000001E010B58E80>,awc_tee_female_large.gif,2011-05-01 00:00:00
164,<memory at 0x000001E010B59000>,awc_tee_male_small.gif,<memory at 0x000001E010B59180>,awc_tee_male_large.gif,2011-05-01 00:00:00
165,<memory at 0x000001E010B59300>,awc_tee_male_yellow_small.gif,<memory at 0x000001E010B59480>,awc_tee_male_yellow_large.gif,2013-04-30 00:00:00
166,<memory at 0x000001E010B59600>,bikepump_small.gif,<memory at 0x000001E010B59780>,bikepump_large.gif,2012-04-30 00:00:00
167,<memory at 0x000001E010B59900>,bike_lock_small.gif,<memory at 0x000001E010B59A80>,bike_lock_large.gif,2012-04-30 00:00:00
168,<memory at 0x000001E010B59C00>,bike_shoes_small.gif,<memory at 0x000001E010B59D80>,bike_shoes_large.gif,2012-04-30 00:00:00
169,<memory at 0x000001E010B59F00>,bike_shorts_female_small.gif,<memory at 0x000001E010B5A080>,bike_shorts_female_large.gif,2012-04-30 00:00:00
170,<memory at 0x000001E010B5A200>,bike_shorts_male_small.gif,<memory at 0x000001E010B5A380>,bike_shorts_male_large.gif,2012-04-30 00:00:00
172,<memory at 0x000001E010B5A500>,handpump_small.gif,<memory at 0x000001E010B5A680>,handpump_large.gif,2012-04-30 00:00:00
173,<memory at 0x000001E010B5A800>,innertube_small.gif,<memory at 0x000001E010B5A980>,innertube_large.gif,2013-04-30 00:00:00
174,<memory at 0x000001E010B5AB00>,mb_shoes_small.gif,<memory at 0x000001E010B5AC80>,mb_shoes_large.gif,2013-04-30 00:00:00
175,<memory at 0x000001E010B5AE00>,shorts_female_small.gif,<memory at 0x000001E010B5AF80>,shorts_female_large.gif,2013-04-30 00:00:00
176,<memory at 0x000001E010B5B100>,shorts_male_small.gif,<memory at 0x000001E010B5B280>,shorts_male_large.gif,2012-04-30 00:00:00
177,<memory at 0x000001E010B5B400>,racer_black_small.gif,<memory at 0x000001E010B5B580>,racer_black_large.gif,2012-04-30 00:00:00
178,<memory at 0x000001E010B5B700>,racer_blue_small.gif,<memory at 0x000001E010B5B880>,racer_blue_large.gif,2012-10-19 09:56:38.273000
179,<memory at 0x000001E010B5BA00>,racer_red_small.gif,<memory at 0x000001E010B5BB80>,racer_red_large.gif,2012-04-30 00:00:00
180,<memory at 0x000001E010B5BD00>,racer_silver_small.gif,<memory at 0x000001E010B5BE80>,racer_silver_large.gif,2012-10-19 09:56:38.273000
181,<memory at 0x000001E010B84040>,racer_yellow_small.gif,<memory at 0x000001E010B841C0>,racer_yellow_large.gif,2012-10-19 09:56:38.273000
